wwwgggyyy,1,10,好评,不错😊，感动了
搁浅的🐟,1,10,好评,崛起的国漫，满分
🏀,1,10,好评,好看加油加油加油
后浪,1,4,好评,剧本和配音上升空间巨大
Claire0424,2,10,好评,给10分，很好看
Bi. 💋,0,8,好评,还可以！好笑
possible,0,10,好评,我特别喜欢，作为一个国漫迷，真是一部很优秀的作品。为国漫崛起点赞
Y小花朵...,2,10,好评,最后面比较感人
风王gw,1,10,好评,好看啊！期待后面的相关作品！
秋意浓,1,10,好评,精彩，至理，给人以启迪，催人奋发，充满正能量！
Kdk278604765,2,10,好评,比大圣归来大鱼海棠故事丰满
ℳ我想吃胖点,1,10,好评,太好了，很赞。
A乐中彩,2,10,好评,不认命，你就是哪吒命。不要活成别人眼中的你。最最真实的自己。很适合家长带孩子看。感受电影中的友情，亲情。
ting,0,10,好评,俺命由我vv
甜柔.,0,10,好评,我爱敖丙！！！
机智的刘小鹿,0,10,好评,哪吒的故事是我们90后的青春，无论是小时候看过的哪个版本，都让我们感受到那种母子情深，还有他那如火般的正义感，这个版本的哪吒补全了以往版本很多缺少的东西，比如描写了李靖对儿子那如山般的爱，还有哪吒更强烈的叛逆，更加真实的表现了一个孩子从小被排斥对待的情感反应，故事的最后更有热血漫的桥段展现，“若命运不公，那就和他斗到底”，致敬所有不服命运而奋斗着的人们，可以看的出作者的野心之大，想构筑出一篇新的故事，不同于以往的哪吒，当真国漫之光啊！
杨谨婕了啦,2,10,好评,土拨鼠尖叫！！！也好看了吧！！！放映结束观众全体鼓掌！！！哪吒小爷太值了！！！跟敖丙CP我磕了！！！
陈圈圈,0,10,好评,“申公公，你也在呀？“不好意思我真的笑喷了！
啊哈哈哈哈哈哈哈哈哈哈哈哈哈哈,2,8,好评,非常好看的电影
蓮生叁拾贰,0,10,好评,啥都不说了，期待姜子牙
香菇青菜包,0,9,好评,"国漫新巅峰，无论技术还是情节。

影片在传统神话故事上做了很大的突破，情节和人物焕然一新！

虽然「我命由我不由天」的主题有点俗套，但讲的够燃够有趣够感动！！"
忆佰诗,1,10,好评,"这也太好看了吧！毫无疑问是我从小到大已来看过的最最优秀的动画片，不亚于心目中的“幽灵公主”。真正的有泪有笑毫无疑问！！这部电影绝对是中国动画电影的一座丰碑，他是一次对封神的挑战，是对我们每个人都无比熟悉的故事的一次改编。在故事上，改造一个人尽皆知的故事远比创新更难，而且还要改得好，改的精彩，更是需要绞尽脑汁的思考和夜以继日的奋斗，我想这也是他在我心中比大圣和大鱼更优秀的地方。
PS:我一个铁石心肠的人，观影过程中，落泪5次！！导演，你不是“人”！"
地平线的奇幻漂流,0,10,好评,前一段还真的笑得喘不过来气，到后面眼睛不时地湿润起来，真的是从骨子里的不认命，不信天命，真的就是中国人千百年来的血脉精神，值得一看，不进对孩子有更深的教育作用，真的是适合全部的中国人看
三天心情,2,9,好评,强烈推荐！帅爆了！藕霸和大圣有一拼！中国动画雄起！！！！！！
甜柔.,0,10,好评,我爱敖丙！！！
自然疯嘿嘿,2,10,好评,很棒锁🔒敖丙和哪吒
平淡的旋律,2,10,好评,超好看，比迪士尼还好
꧁姚小喵꧂,2,10,好评,哪吒再可爱点就好了
king,1,10,好评,国产动漫颠峰之作，值得一看，期待下部更精彩！
🎣,0,10,好评,哈哈哈好看。
墨竹情437,2,9,好评,搞笑的一部电影
lky,2,8,好评,很搞笑，不错
sssszx,0,10,好评,吒儿冲冲冲冲，期待下一部
🌟P.STAR,2,10,好评,真心不错，小哪吒好萌，熬丙好帅
金烟点弹,1,10,好评,不错，不错，不错！
代先生,0,10,好评,值得一看：1、画面很棒；2，情节感人；3、励志方面，有点像周星驰的电影。到最后那个神坑，跟《功夫》类似。借鉴的恰当好处！自己又有自己的亮点（制作上）
丶辰,1,10,好评,不错的中国动漫
袁晓宇王亚辉,2,10,好评,有笑有泪，也很有教育意义，值得一看。为国产动漫点赞👍
🐎,1,10,好评,属于成年人也可以看的动漫 太好看了
机智的刘小鹿,0,10,好评,哪吒的故事是我们90后的青春，无论是小时候看过的哪个版本，都让我们感受到那种母子情深，还有他那如火般的正义感，这个版本的哪吒补全了以往版本很多缺少的东西，比如描写了李靖对儿子那如山般的爱，还有哪吒更强烈的叛逆，更加真实的表现了一个孩子从小被排斥对待的情感反应，故事的最后更有热血漫的桥段展现，“若命运不公，那就和他斗到底”，致敬所有不服命运而奋斗着的人们，可以看的出作者的野心之大，想构筑出一篇新的故事，不同于以往的哪吒，当真国漫之光啊！
杨谨婕了啦,2,10,好评,土拨鼠尖叫！！！也好看了吧！！！放映结束观众全体鼓掌！！！哪吒小爷太值了！！！跟敖丙CP我磕了！！！
陈圈圈,0,10,好评,“申公公，你也在呀？“不好意思我真的笑喷了！
啊哈哈哈哈哈哈哈哈哈哈哈哈哈哈,2,8,好评,非常好看的电影
蓮生叁拾贰,0,10,好评,啥都不说了，期待姜子牙
香菇青菜包,0,9,好评,"国漫新巅峰，无论技术还是情节。

影片在传统神话故事上做了很大的突破，情节和人物焕然一新！

虽然「我命由我不由天」的主题有点俗套，但讲的够燃够有趣够感动！！"
忆佰诗,1,10,好评,"这也太好看了吧！毫无疑问是我从小到大已来看过的最最优秀的动画片，不亚于心目中的“幽灵公主”。真正的有泪有笑毫无疑问！！这部电影绝对是中国动画电影的一座丰碑，他是一次对封神的挑战，是对我们每个人都无比熟悉的故事的一次改编。在故事上，改造一个人尽皆知的故事远比创新更难，而且还要改得好，改的精彩，更是需要绞尽脑汁的思考和夜以继日的奋斗，我想这也是他在我心中比大圣和大鱼更优秀的地方。
PS:我一个铁石心肠的人，观影过程中，落泪5次！！导演，你不是“人”！"
佳佳,0,10,好评,巨好看(｡･ω･｡)ﾉ♡
江江,2,10,好评,国漫之光，期待续作
烟熏马哈鱼,2,8,好评,有点幼稚。。
🐰🐰梁小胖,2,10,好评,好看，希望有第二部，期待
龔三岁,0,10,好评,被推荐的，不负此行，很棒
Ejk159019372,0,10,好评,好看，，，挺好看
空的日记满的心°,2,9,好评,非常好的一部电影。
白夜DX,1,10,好评,非常棒，封神宇宙正式开启
薇,0,10,购票,好看，，，，
moon陈,0,10,好评,好看，没想到动画片能这么好看，还是我们国产的，👍
贪婪的学生,1,5,好评,一些特定方面实在不喜欢，作为普通观众我只给主观评分。
匚33,2,10,好评,好看 很期待下一步
极速蜗牛,1,9,好评,所有看过的国产动画片中最好的一
未闻花名,2,10,好评,我命由我不由天
肥明,0,10,好评,良心国产，期待有第二部～哪吒和敖丙都好喜欢！
机智的刘小鹿,0,10,好评,哪吒的故事是我们90后的青春，无论是小时候看过的哪个版本，都让我们感受到那种母子情深，还有他那如火般的正义感，这个版本的哪吒补全了以往版本很多缺少的东西，比如描写了李靖对儿子那如山般的爱，还有哪吒更强烈的叛逆，更加真实的表现了一个孩子从小被排斥对待的情感反应，故事的最后更有热血漫的桥段展现，“若命运不公，那就和他斗到底”，致敬所有不服命运而奋斗着的人们，可以看的出作者的野心之大，想构筑出一篇新的故事，不同于以往的哪吒，当真国漫之光啊！
杨谨婕了啦,2,10,好评,土拨鼠尖叫！！！也好看了吧！！！放映结束观众全体鼓掌！！！哪吒小爷太值了！！！跟敖丙CP我磕了！！！
陈圈圈,0,10,好评,“申公公，你也在呀？“不好意思我真的笑喷了！
啊哈哈哈哈哈哈哈哈哈哈哈哈哈哈,2,8,好评,非常好看的电影
蓮生叁拾贰,0,10,好评,啥都不说了，期待姜子牙
香菇青菜包,0,9,好评,"国漫新巅峰，无论技术还是情节。

影片在传统神话故事上做了很大的突破，情节和人物焕然一新！

虽然「我命由我不由天」的主题有点俗套，但讲的够燃够有趣够感动！！"
忆佰诗,1,10,好评,"这也太好看了吧！毫无疑问是我从小到大已来看过的最最优秀的动画片，不亚于心目中的“幽灵公主”。真正的有泪有笑毫无疑问！！这部电影绝对是中国动画电影的一座丰碑，他是一次对封神的挑战，是对我们每个人都无比熟悉的故事的一次改编。在故事上，改造一个人尽皆知的故事远比创新更难，而且还要改得好，改的精彩，更是需要绞尽脑汁的思考和夜以继日的奋斗，我想这也是他在我心中比大圣和大鱼更优秀的地方。
PS:我一个铁石心肠的人，观影过程中，落泪5次！！导演，你不是“人”！"
地平线的奇幻漂流,0,10,好评,前一段还真的笑得喘不过来气，到后面眼睛不时地湿润起来，真的是从骨子里的不认命，不信天命，真的就是中国人千百年来的血脉精神，值得一看，不进对孩子有更深的教育作用，真的是适合全部的中国人看
肥明,0,10,好评,良心国产，期待有第二部～哪吒和敖丙都好喜欢！
明勇1982,1,9,好评,一部对人性的点拨片，值得去看！
cau532984757,1,8,好评,非常好看。。
领创－小钟,2,10,好评,太好看了，完全颠覆我的这部剧开始的看法，有好几处地方我都哭了
我是蔡永强,2,10,好评,我敖丙丙打起架来多么的灵动飘逸啊，却拿了一对大铁锤当武器哈哈哈哈哈，大哪吒忒帅了就是出场时间太短了，已经二刷
闪电,0,10,好评,有泪点有笑点有剧情有打斗，特效不错
欲望满身,1,10,好评,笑中有泪，配得起高票房高口碑!
Optimist.,1,10,好评,真的真的超级好看！！大圣归来后又一份对国产动画电影的感动！！！(⁎⁍̴̛ᴗ⁍̴̛⁎)
崔文静,2,7,购票,感觉一般般吧
7,1,10,好评,好看，很感动。
胡っ芳,2,10,好评,画面震撼、情节感人，侧面又反映生活
谢T.T谢,2,10,好评,很好的家庭教育片！
念旧。,0,10,好评,真好，期待老姜出场
听你讲zl,0,10,好评,看完觉得真心不错 不枉费我大老远的跑去看 从看电影以来 第一次看这种类型的。觉得很好 有笑点 也有泪点 人物的动作 也很好。需要这部戏里哪吒的造型跟小时候看的动画片差异很大 但还是很喜欢 喜欢喜欢喜欢喜欢
醉卧沙场君莫笑,1,9,好评,哪吒，永远的
机智的刘小鹿,0,10,好评,哪吒的故事是我们90后的青春，无论是小时候看过的哪个版本，都让我们感受到那种母子情深，还有他那如火般的正义感，这个版本的哪吒补全了以往版本很多缺少的东西，比如描写了李靖对儿子那如山般的爱，还有哪吒更强烈的叛逆，更加真实的表现了一个孩子从小被排斥对待的情感反应，故事的最后更有热血漫的桥段展现，“若命运不公，那就和他斗到底”，致敬所有不服命运而奋斗着的人们，可以看的出作者的野心之大，想构筑出一篇新的故事，不同于以往的哪吒，当真国漫之光啊！
杨谨婕了啦,2,10,好评,土拨鼠尖叫！！！也好看了吧！！！放映结束观众全体鼓掌！！！哪吒小爷太值了！！！跟敖丙CP我磕了！！！
陈圈圈,0,10,好评,“申公公，你也在呀？“不好意思我真的笑喷了！
啊哈哈哈哈哈哈哈哈哈哈哈哈哈哈,2,8,好评,非常好看的电影
蓮生叁拾贰,0,10,好评,啥都不说了，期待姜子牙
香菇青菜包,0,9,好评,"国漫新巅峰，无论技术还是情节。

影片在传统神话故事上做了很大的突破，情节和人物焕然一新！

虽然「我命由我不由天」的主题有点俗套，但讲的够燃够有趣够感动！！"
忆佰诗,1,10,好评,"这也太好看了吧！毫无疑问是我从小到大已来看过的最最优秀的动画片，不亚于心目中的“幽灵公主”。真正的有泪有笑毫无疑问！！这部电影绝对是中国动画电影的一座丰碑，他是一次对封神的挑战，是对我们每个人都无比熟悉的故事的一次改编。在故事上，改造一个人尽皆知的故事远比创新更难，而且还要改得好，改的精彩，更是需要绞尽脑汁的思考和夜以继日的奋斗，我想这也是他在我心中比大圣和大鱼更优秀的地方。
PS:我一个铁石心肠的人，观影过程中，落泪5次！！导演，你不是“人”！"
地平线的奇幻漂流,0,10,好评,前一段还真的笑得喘不过来气，到后面眼睛不时地湿润起来，真的是从骨子里的不认命，不信天命，真的就是中国人千百年来的血脉精神，值得一看，不进对孩子有更深的教育作用，真的是适合全部的中国人看
三天心情,2,9,好评,强烈推荐！帅爆了！藕霸和大圣有一拼！中国动画雄起！！！！！！
Jet98,1,9,好评,期待国产的封神宇宙！哪吒小爷本次表现可圈可点，酷，帅，有智商，有担当！希望票房大爆！在哪吒面前，谁也帅不起来！
一笑千金,2,10,好评,画风，情节都很奈斯，非常喜欢，建议去看
Raul Menendez,1,10,好评,剧情一流，作画一流，特效一流，不多说，吹爆，国产电影票房第三预订！提前恭喜
重庆链家_张帅林,1,10,好评,电影很不错  电影院有点垃圾…
云宝贝,2,10,好评,好看，感动的哭了👍👍👍
梦,2,10,好评,哪吒太帅了!男神!
A荣盛刘建辉,1,10,好评,值得带一家老小去影院
柏涛,1,10,好评,非常用心的一部作品，国产动画崛起，看哭了几次，厉害了，国产动画！
Y·STUDIO.💙（支持花呗）,2,10,好评,太棒啦～很好看
엘프 ,2,8,好评,敖丙敖丙，奈何哪吒变身的时候，次数太短了
Rainbow好可惜,0,10,好评,人心中的成见是一座大山
周丽聪😘LICO,0,10,好评,人之初，性本善！
Hamao,2,10,好评,原来黑眼圈不止有熊猫可爱
飞鸟VS游鱼ylj,1,10,好评,很高兴国内动画片水平能达到这种程度，以前很可惜功夫熊猫和花木兰让外国人拍了，现在对中国动画片信心百倍啊  加油  饺子你棒棒的
朱东升,1,10,好评,真的很好看，3D效果挺好的
尐熋櫫,0,10,好评,超级好看，笑了，也哭了。
机智的刘小鹿,0,10,好评,哪吒的故事是我们90后的青春，无论是小时候看过的哪个版本，都让我们感受到那种母子情深，还有他那如火般的正义感，这个版本的哪吒补全了以往版本很多缺少的东西，比如描写了李靖对儿子那如山般的爱，还有哪吒更强烈的叛逆，更加真实的表现了一个孩子从小被排斥对待的情感反应，故事的最后更有热血漫的桥段展现，“若命运不公，那就和他斗到底”，致敬所有不服命运而奋斗着的人们，可以看的出作者的野心之大，想构筑出一篇新的故事，不同于以往的哪吒，当真国漫之光啊！
杨谨婕了啦,2,10,好评,土拨鼠尖叫！！！也好看了吧！！！放映结束观众全体鼓掌！！！哪吒小爷太值了！！！跟敖丙CP我磕了！！！
陈圈圈,0,10,好评,“申公公，你也在呀？“不好意思我真的笑喷了！
啊哈哈哈哈哈哈哈哈哈哈哈哈哈哈,2,8,好评,非常好看的电影
蓮生叁拾贰,0,10,好评,啥都不说了，期待姜子牙
香菇青菜包,0,9,好评,"国漫新巅峰，无论技术还是情节。

影片在传统神话故事上做了很大的突破，情节和人物焕然一新！

虽然「我命由我不由天」的主题有点俗套，但讲的够燃够有趣够感动！！"
忆佰诗,1,10,好评,"这也太好看了吧！毫无疑问是我从小到大已来看过的最最优秀的动画片，不亚于心目中的“幽灵公主”。真正的有泪有笑毫无疑问！！这部电影绝对是中国动画电影的一座丰碑，他是一次对封神的挑战，是对我们每个人都无比熟悉的故事的一次改编。在故事上，改造一个人尽皆知的故事远比创新更难，而且还要改得好，改的精彩，更是需要绞尽脑汁的思考和夜以继日的奋斗，我想这也是他在我心中比大圣和大鱼更优秀的地方。
PS:我一个铁石心肠的人，观影过程中，落泪5次！！导演，你不是“人”！"
地平线的奇幻漂流,0,10,好评,前一段还真的笑得喘不过来气，到后面眼睛不时地湿润起来，真的是从骨子里的不认命，不信天命，真的就是中国人千百年来的血脉精神，值得一看，不进对孩子有更深的教育作用，真的是适合全部的中国人看
三天心情,2,9,好评,强烈推荐！帅爆了！藕霸和大圣有一拼！中国动画雄起！！！！！！
Xkz827336812,1,10,好评,算是全场无尿点的。比较好的片子
荷塘小诗,2,6,购票,电影看着不错!就是电影院那声音效果太次了，声音忽大忽小，影响我看电影的心情！
siC603677957,0,10,好评,特别好，特别好
SLX汤圆1314,2,10,好评,有笑点，有哭点，看完之后觉得是社会的一个小缩影，哪吒不信命，申公豹有些可爱，李靖虽然严厉却对哪吒拼了命，人放不下成见，成见是一座大山。
cdD661782809,2,9,好评,感人，情节颠覆了以往对哪吒的形象，改得非常棒
愿子如画,0,10,好评,挺好看的，特效也不错，值得去看
小武,2,10,好评,整体效果特别棒！小哪吒痞帅痞帅的，很喜欢！看的又笑又哭导演你是故意逗我吗的嘛？😭
Echo徐杰,0,10,好评,好看！！非常喜欢
瑾年知几时,0,10,好评,还不错，剧情适合所有年纪的人
GsA436738239,0,10,好评,好看，剧情发展很有感触颇深
A惠安朝和食品15060853583,2,10,好评,非常好，赞！
劣舆,2,9,好评,二刷…！！！
奋斗的小人渣,0,9,好评,挺好看的，就是看的儿童太多有点吵
Pyp986140192,0,9,好评,电影好看，大老远跑来看，影院不大，但是3d眼镜不免费提供，要花钱买，5元一副，这点不爽
不要低头，皇冠会掉,0,10,好评,很好看，特搞笑，说川普
机智的刘小鹿,0,10,好评,哪吒的故事是我们90后的青春，无论是小时候看过的哪个版本，都让我们感受到那种母子情深，还有他那如火般的正义感，这个版本的哪吒补全了以往版本很多缺少的东西，比如描写了李靖对儿子那如山般的爱，还有哪吒更强烈的叛逆，更加真实的表现了一个孩子从小被排斥对待的情感反应，故事的最后更有热血漫的桥段展现，“若命运不公，那就和他斗到底”，致敬所有不服命运而奋斗着的人们，可以看的出作者的野心之大，想构筑出一篇新的故事，不同于以往的哪吒，当真国漫之光啊！
杨谨婕了啦,2,10,好评,土拨鼠尖叫！！！也好看了吧！！！放映结束观众全体鼓掌！！！哪吒小爷太值了！！！跟敖丙CP我磕了！！！
陈圈圈,0,10,好评,“申公公，你也在呀？“不好意思我真的笑喷了！
啊哈哈哈哈哈哈哈哈哈哈哈哈哈哈,2,8,好评,非常好看的电影
蓮生叁拾贰,0,10,好评,啥都不说了，期待姜子牙
香菇青菜包,0,9,好评,"国漫新巅峰，无论技术还是情节。

影片在传统神话故事上做了很大的突破，情节和人物焕然一新！

虽然「我命由我不由天」的主题有点俗套，但讲的够燃够有趣够感动！！"
忆佰诗,1,10,好评,"这也太好看了吧！毫无疑问是我从小到大已来看过的最最优秀的动画片，不亚于心目中的“幽灵公主”。真正的有泪有笑毫无疑问！！这部电影绝对是中国动画电影的一座丰碑，他是一次对封神的挑战，是对我们每个人都无比熟悉的故事的一次改编。在故事上，改造一个人尽皆知的故事远比创新更难，而且还要改得好，改的精彩，更是需要绞尽脑汁的思考和夜以继日的奋斗，我想这也是他在我心中比大圣和大鱼更优秀的地方。
PS:我一个铁石心肠的人，观影过程中，落泪5次！！导演，你不是“人”！"
地平线的奇幻漂流,0,10,好评,前一段还真的笑得喘不过来气，到后面眼睛不时地湿润起来，真的是从骨子里的不认命，不信天命，真的就是中国人千百年来的血脉精神，值得一看，不进对孩子有更深的教育作用，真的是适合全部的中国人看
三天心情,2,9,好评,强烈推荐！帅爆了！藕霸和大圣有一拼！中国动画雄起！！！！！！
Jet98,1,9,好评,期待国产的封神宇宙！哪吒小爷本次表现可圈可点，酷，帅，有智商，有担当！希望票房大爆！在哪吒面前，谁也帅不起来！
🏀,0,10,好评,"有泪点，有笑点，还有几个片段挺鼓舞人心的。
这部国漫画的挺好的，期待国漫会越来越好。"
空白qqpp,2,10,好评,很好 值得一看
木筱奈,0,10,好评,真的好好看啊啊啊
琴心,1,9,好评,非常精彩，令人震撼。
🌂天天向上😊,1,10,好评,好看 国漫崛起
Monster.,0,10,好评,很好看给人的感觉很好
rrS686390615,0,9,好评,真心不错，可惜想看哪吒长大的那个样子，太短了
天河神将,1,9,好评,好看，剧情很喜欢
A_佛爷、,1,10,好评,为中国加油。
yonxi,0,9,好评,特别好，特别好，特别好
Night,1,10,好评,故事结构有层次不紊乱，人物性格鲜明有记忆点，特效经得起大屏幕的检验。
一只傻林少,1,10,好评,片子特别好看
maldivett,0,10,好评,。。。挺好的
.。,0,10,好评,整挺好。。。
chenlunfu0208,1,9,好评,不错😊哈好
机智的刘小鹿,0,10,好评,哪吒的故事是我们90后的青春，无论是小时候看过的哪个版本，都让我们感受到那种母子情深，还有他那如火般的正义感，这个版本的哪吒补全了以往版本很多缺少的东西，比如描写了李靖对儿子那如山般的爱，还有哪吒更强烈的叛逆，更加真实的表现了一个孩子从小被排斥对待的情感反应，故事的最后更有热血漫的桥段展现，“若命运不公，那就和他斗到底”，致敬所有不服命运而奋斗着的人们，可以看的出作者的野心之大，想构筑出一篇新的故事，不同于以往的哪吒，当真国漫之光啊！
杨谨婕了啦,2,10,好评,土拨鼠尖叫！！！也好看了吧！！！放映结束观众全体鼓掌！！！哪吒小爷太值了！！！跟敖丙CP我磕了！！！
陈圈圈,0,10,好评,“申公公，你也在呀？“不好意思我真的笑喷了！
啊哈哈哈哈哈哈哈哈哈哈哈哈哈哈,2,8,好评,非常好看的电影
蓮生叁拾贰,0,10,好评,啥都不说了，期待姜子牙
香菇青菜包,0,9,好评,"国漫新巅峰，无论技术还是情节。

影片在传统神话故事上做了很大的突破，情节和人物焕然一新！

虽然「我命由我不由天」的主题有点俗套，但讲的够燃够有趣够感动！！"
忆佰诗,1,10,好评,"这也太好看了吧！毫无疑问是我从小到大已来看过的最最优秀的动画片，不亚于心目中的“幽灵公主”。真正的有泪有笑毫无疑问！！这部电影绝对是中国动画电影的一座丰碑，他是一次对封神的挑战，是对我们每个人都无比熟悉的故事的一次改编。在故事上，改造一个人尽皆知的故事远比创新更难，而且还要改得好，改的精彩，更是需要绞尽脑汁的思考和夜以继日的奋斗，我想这也是他在我心中比大圣和大鱼更优秀的地方。
PS:我一个铁石心肠的人，观影过程中，落泪5次！！导演，你不是“人”！"
地平线的奇幻漂流,0,10,好评,前一段还真的笑得喘不过来气，到后面眼睛不时地湿润起来，真的是从骨子里的不认命，不信天命，真的就是中国人千百年来的血脉精神，值得一看，不进对孩子有更深的教育作用，真的是适合全部的中国人看
三天心情,2,9,好评,强烈推荐！帅爆了！藕霸和大圣有一拼！中国动画雄起！！！！！！
Jet98,1,9,好评,期待国产的封神宇宙！哪吒小爷本次表现可圈可点，酷，帅，有智商，有担当！希望票房大爆！在哪吒面前，谁也帅不起来！
hmj1977,0,10,好评,精彩！开创中国动画片记录！
A张思源三七产地直销批发,2,10,好评,确实挺好看的、老少皆宜
影儿的美食,2,8,好评,这月不错的，小成本电影啦
愁予,2,10,好评,炒鸡好看！！啊！！！敖丙太帅了
温暖的诗,1,2,差评,拉垃圾来咯咯摸摸
贾茹,2,10,好评,阔以，阔以有第二季么
低头、泪倾城灬,0,10,好评,最大的感受是感动
悠然7586,2,10,好评,好看，非常好看
走掉。,1,10,好评,太酷了，国漫加油
俺叫小6,1,9,好评,不错 特效做的很好
Molly0126,0,8,好评,挺好看的！！！！
赵雅洁15117057427,2,10,好评,特别好看，喜欢敖丙，希望哪吒和敖丙以后都能有个好结局。期待第二部。
Azazel,1,8,好评,很棒的国产动画！
曦曦💓,2,10,好评,好看励志精彩
水无月,2,10,好评,很棒，值得看。
机智的刘小鹿,0,10,好评,哪吒的故事是我们90后的青春，无论是小时候看过的哪个版本，都让我们感受到那种母子情深，还有他那如火般的正义感，这个版本的哪吒补全了以往版本很多缺少的东西，比如描写了李靖对儿子那如山般的爱，还有哪吒更强烈的叛逆，更加真实的表现了一个孩子从小被排斥对待的情感反应，故事的最后更有热血漫的桥段展现，“若命运不公，那就和他斗到底”，致敬所有不服命运而奋斗着的人们，可以看的出作者的野心之大，想构筑出一篇新的故事，不同于以往的哪吒，当真国漫之光啊！
杨谨婕了啦,2,10,好评,土拨鼠尖叫！！！也好看了吧！！！放映结束观众全体鼓掌！！！哪吒小爷太值了！！！跟敖丙CP我磕了！！！
陈圈圈,0,10,好评,“申公公，你也在呀？“不好意思我真的笑喷了！
啊哈哈哈哈哈哈哈哈哈哈哈哈哈哈,2,8,好评,非常好看的电影
蓮生叁拾贰,0,10,好评,啥都不说了，期待姜子牙
香菇青菜包,0,9,好评,"国漫新巅峰，无论技术还是情节。

影片在传统神话故事上做了很大的突破，情节和人物焕然一新！

虽然「我命由我不由天」的主题有点俗套，但讲的够燃够有趣够感动！！"
忆佰诗,1,10,好评,"这也太好看了吧！毫无疑问是我从小到大已来看过的最最优秀的动画片，不亚于心目中的“幽灵公主”。真正的有泪有笑毫无疑问！！这部电影绝对是中国动画电影的一座丰碑，他是一次对封神的挑战，是对我们每个人都无比熟悉的故事的一次改编。在故事上，改造一个人尽皆知的故事远比创新更难，而且还要改得好，改的精彩，更是需要绞尽脑汁的思考和夜以继日的奋斗，我想这也是他在我心中比大圣和大鱼更优秀的地方。
PS:我一个铁石心肠的人，观影过程中，落泪5次！！导演，你不是“人”！"
地平线的奇幻漂流,0,10,好评,前一段还真的笑得喘不过来气，到后面眼睛不时地湿润起来，真的是从骨子里的不认命，不信天命，真的就是中国人千百年来的血脉精神，值得一看，不进对孩子有更深的教育作用，真的是适合全部的中国人看
三天心情,2,9,好评,强烈推荐！帅爆了！藕霸和大圣有一拼！中国动画雄起！！！！！！
上心༈,1,10,好评,变身的哪吒帅，万龙甲太帅
Ple408801407,0,10,好评,太好看了(｡･ω･｡)ﾉ♡     特别是那句“申公公呢，你也在啊。”
昭,1,10,好评,特别棒 加油  期待下一部作品
石恽,2,9,好评,还好吧，有韩义的一个人
甜甜小怪,2,10,好评,含义深刻 引人遐想 细节处理也非常的完善 小哪吒幽默可爱与敖丙搭档起来震撼了全场 就是热血澎湃的感觉 在激动中也不失感动 整个电影院就是个飙泪现场 但是这泪会流的让人很舒服 总之 看完这场电影整个人都放松舒服得劲！太厉害了 太佩服了 这电影不看的话绝对后悔 票房第一 当之无愧
邻居是贞子,2,10,好评,全程土拨鼠叫，超喜欢中间抢笔的那里，不说了，这个电影太好康了我要去二刷三刷四刷…
空空狠如野,2,10,好评,"一直在等iMax降价，好去二刷。
这个作品有魔力。我明明记得吒儿刚出生就放火，抓鼻涕虫时也给百姓造成了更大的破坏。但是每当看到吒儿穿着小肚兜被打的肚子颤颤我就挺难受的……每天都要看看吒儿的票房有多少了，看周边……这热恋的心情也不知几时消褪。"
青衫依旧.bob,1,10,好评,绝对是中国动漫史上最震撼最伟大的一次巨作
如意,2,10,好评,很好看，又搞笑，拍的好！期待赶快出来续集.....
千年以后的小燕子,2,10,好评,个人感觉就是 现实生活中 叛逆期的孩子 蜕变的过程 
吖！彬仔..,1,10,好评,不错😊 ，不错！！！
萌萌兔茉莉,0,10,好评,"被魔丸附体的哪吒，从出生就被孤立，渴望被认可，玩世不恭，天生聪明…
天劫的场面很震撼，敖丙在友情和家族命运，正义与邪恶面前的纠结…最后兄弟齐心，坚决不向命运低头，我命由我不由天！…
整个剧的亲情友情，体现的淋漓尽致，母爱无私，父爱如山。非常值得一看！"
风清丶湮,1,10,好评,特效非常不错，国漫崛起！
cglin123,1,9,好评,不错不错不错
田志鹏,0,10,好评,非常不错，老爸老妈也觉得可以！
机智的刘小鹿,0,10,好评,哪吒的故事是我们90后的青春，无论是小时候看过的哪个版本，都让我们感受到那种母子情深，还有他那如火般的正义感，这个版本的哪吒补全了以往版本很多缺少的东西，比如描写了李靖对儿子那如山般的爱，还有哪吒更强烈的叛逆，更加真实的表现了一个孩子从小被排斥对待的情感反应，故事的最后更有热血漫的桥段展现，“若命运不公，那就和他斗到底”，致敬所有不服命运而奋斗着的人们，可以看的出作者的野心之大，想构筑出一篇新的故事，不同于以往的哪吒，当真国漫之光啊！
杨谨婕了啦,2,10,好评,土拨鼠尖叫！！！也好看了吧！！！放映结束观众全体鼓掌！！！哪吒小爷太值了！！！跟敖丙CP我磕了！！！
陈圈圈,0,10,好评,“申公公，你也在呀？“不好意思我真的笑喷了！
啊哈哈哈哈哈哈哈哈哈哈哈哈哈哈,2,8,好评,非常好看的电影
蓮生叁拾贰,0,10,好评,啥都不说了，期待姜子牙
香菇青菜包,0,9,好评,"国漫新巅峰，无论技术还是情节。

影片在传统神话故事上做了很大的突破，情节和人物焕然一新！

虽然「我命由我不由天」的主题有点俗套，但讲的够燃够有趣够感动！！"
忆佰诗,1,10,好评,"这也太好看了吧！毫无疑问是我从小到大已来看过的最最优秀的动画片，不亚于心目中的“幽灵公主”。真正的有泪有笑毫无疑问！！这部电影绝对是中国动画电影的一座丰碑，他是一次对封神的挑战，是对我们每个人都无比熟悉的故事的一次改编。在故事上，改造一个人尽皆知的故事远比创新更难，而且还要改得好，改的精彩，更是需要绞尽脑汁的思考和夜以继日的奋斗，我想这也是他在我心中比大圣和大鱼更优秀的地方。
PS:我一个铁石心肠的人，观影过程中，落泪5次！！导演，你不是“人”！"
地平线的奇幻漂流,0,10,好评,前一段还真的笑得喘不过来气，到后面眼睛不时地湿润起来，真的是从骨子里的不认命，不信天命，真的就是中国人千百年来的血脉精神，值得一看，不进对孩子有更深的教育作用，真的是适合全部的中国人看
大璐,2,10,好评,真的超好看，感觉意犹未尽
阿宝1124,0,10,好评,有笑点、有泪点、很好看……
琅宇,0,10,好评,好看 期待下一部
杨璐,0,10,好评,好看 很喜欢的一部电影
后来～,1,10,好评,不错，有悲有喜，富含多重情感，亲情，友情，我命由我不由天，很有教育性，值得一看！
"J,",2,10,好评,很棒哦，不管是处理细节还是剧情发展！！！棒棒棒！！！！
美好生活,2,9,好评,干得漂亮！好样的！中国动漫加油！
别闹啦别闹啦13131,0,10,好评,又笑又流泪，没想到啊！2020年接着看看吧！
楠g.🍬,2,10,好评,是我泪点太低了吗，看哭了
姜 浩₁₈₀₄₃₃₀₉₃₀₀ 🍀,0,10,好评,看完这个电影我就想抱抱我那淘气又可爱的儿子
Iris,0,10,好评,不一样的哪吒，一样的精彩
初遇,1,10,好评,特别好看推荐大家观看
icon_zhao,2,10,好评,非常非常非常好看，值得二刷三刷。强烈推荐
喜欢自由自在,1,10,好评,挺好的 非常精彩
恩,1,10,好评,好看，，，，
机智的刘小鹿,0,10,好评,哪吒的故事是我们90后的青春，无论是小时候看过的哪个版本，都让我们感受到那种母子情深，还有他那如火般的正义感，这个版本的哪吒补全了以往版本很多缺少的东西，比如描写了李靖对儿子那如山般的爱，还有哪吒更强烈的叛逆，更加真实的表现了一个孩子从小被排斥对待的情感反应，故事的最后更有热血漫的桥段展现，“若命运不公，那就和他斗到底”，致敬所有不服命运而奋斗着的人们，可以看的出作者的野心之大，想构筑出一篇新的故事，不同于以往的哪吒，当真国漫之光啊！
杨谨婕了啦,2,10,好评,土拨鼠尖叫！！！也好看了吧！！！放映结束观众全体鼓掌！！！哪吒小爷太值了！！！跟敖丙CP我磕了！！！
陈圈圈,0,10,好评,“申公公，你也在呀？“不好意思我真的笑喷了！
啊哈哈哈哈哈哈哈哈哈哈哈哈哈哈,2,8,好评,非常好看的电影
蓮生叁拾贰,0,10,好评,啥都不说了，期待姜子牙
香菇青菜包,0,9,好评,"国漫新巅峰，无论技术还是情节。

影片在传统神话故事上做了很大的突破，情节和人物焕然一新！

虽然「我命由我不由天」的主题有点俗套，但讲的够燃够有趣够感动！！"
忆佰诗,1,10,好评,"这也太好看了吧！毫无疑问是我从小到大已来看过的最最优秀的动画片，不亚于心目中的“幽灵公主”。真正的有泪有笑毫无疑问！！这部电影绝对是中国动画电影的一座丰碑，他是一次对封神的挑战，是对我们每个人都无比熟悉的故事的一次改编。在故事上，改造一个人尽皆知的故事远比创新更难，而且还要改得好，改的精彩，更是需要绞尽脑汁的思考和夜以继日的奋斗，我想这也是他在我心中比大圣和大鱼更优秀的地方。
PS:我一个铁石心肠的人，观影过程中，落泪5次！！导演，你不是“人”！"
地平线的奇幻漂流,0,10,好评,前一段还真的笑得喘不过来气，到后面眼睛不时地湿润起来，真的是从骨子里的不认命，不信天命，真的就是中国人千百年来的血脉精神，值得一看，不进对孩子有更深的教育作用，真的是适合全部的中国人看
三天心情,2,9,好评,强烈推荐！帅爆了！藕霸和大圣有一拼！中国动画雄起！！！！！！
病态系花痴少女i,2,10,好评,牛批牛批牛批
慧   ',2,10,好评,"好看！好看！好看！
"
琦琦颗颗,0,10,好评,有欢乐有泪点
退伍军人编号868,0,10,好评,不用多说，确实很好看。
qzuser,1,10,好评,我觉得还不错
邹海军、仁医综合门诊部,1,10,好评,好的不得了，非常好
AzJ982791005,1,10,好评,很不错的电影，国产电影加油
寡人   、,1,10,好评,有泪点，国产动漫电影巅峰了
燕子18911216376摊位号综合区B053,2,10,好评,很好看，很感动，里边有好多话值得反思，我命由我不由天，不信天只信我自己
wYE657572001,0,10,好评,好看   我喜欢 哪吒
房子,1,2,差评,没有评分那么高
一块石头,1,10,好评,很不错的结局
🐳.,2,10,好评,很好看也都很帅
Yss·,1,6,购票,电影好看！服务差！！垃圾
cUE810629677,2,10,好评,挺好的，孩子喜欢看
机智的刘小鹿,0,10,好评,哪吒的故事是我们90后的青春，无论是小时候看过的哪个版本，都让我们感受到那种母子情深，还有他那如火般的正义感，这个版本的哪吒补全了以往版本很多缺少的东西，比如描写了李靖对儿子那如山般的爱，还有哪吒更强烈的叛逆，更加真实的表现了一个孩子从小被排斥对待的情感反应，故事的最后更有热血漫的桥段展现，“若命运不公，那就和他斗到底”，致敬所有不服命运而奋斗着的人们，可以看的出作者的野心之大，想构筑出一篇新的故事，不同于以往的哪吒，当真国漫之光啊！
杨谨婕了啦,2,10,好评,土拨鼠尖叫！！！也好看了吧！！！放映结束观众全体鼓掌！！！哪吒小爷太值了！！！跟敖丙CP我磕了！！！
陈圈圈,0,10,好评,“申公公，你也在呀？“不好意思我真的笑喷了！
啊哈哈哈哈哈哈哈哈哈哈哈哈哈哈,2,8,好评,非常好看的电影
蓮生叁拾贰,0,10,好评,啥都不说了，期待姜子牙
香菇青菜包,0,9,好评,"国漫新巅峰，无论技术还是情节。

影片在传统神话故事上做了很大的突破，情节和人物焕然一新！

虽然「我命由我不由天」的主题有点俗套，但讲的够燃够有趣够感动！！"
忆佰诗,1,10,好评,"这也太好看了吧！毫无疑问是我从小到大已来看过的最最优秀的动画片，不亚于心目中的“幽灵公主”。真正的有泪有笑毫无疑问！！这部电影绝对是中国动画电影的一座丰碑，他是一次对封神的挑战，是对我们每个人都无比熟悉的故事的一次改编。在故事上，改造一个人尽皆知的故事远比创新更难，而且还要改得好，改的精彩，更是需要绞尽脑汁的思考和夜以继日的奋斗，我想这也是他在我心中比大圣和大鱼更优秀的地方。
PS:我一个铁石心肠的人，观影过程中，落泪5次！！导演，你不是“人”！"
地平线的奇幻漂流,0,10,好评,前一段还真的笑得喘不过来气，到后面眼睛不时地湿润起来，真的是从骨子里的不认命，不信天命，真的就是中国人千百年来的血脉精神，值得一看，不进对孩子有更深的教育作用，真的是适合全部的中国人看
三天心情,2,9,好评,强烈推荐！帅爆了！藕霸和大圣有一拼！中国动画雄起！！！！！！
 国产零零九,1,9,好评,还不错，少点所谓的明星，就多一点优秀产品。
NhU693211220,0,10,好评,特效太燃了，站藕饼这对cp
强子,0,10,好评,好看！为国产影片点赞！期待续集！
王中王之王的王,1,10,好评,感想参考分数
美少女小可爱,2,10,好评,我本身是学动画专业的 在大三的时候学习了特效 以前不太关注国漫 哪吒让我觉得 牛逼 真的就是牛逼 特效美炸 人物建模 也很专业 我学的只是皮毛 无法想象 这种的特效 有多难 人物真的很美很美 帧帧可以做壁纸 剧情毫不拖拉 没有卖情怀 没有强行煽情 情感带入 很自然 意犹未尽 期待姜子牙 让我开始 觉得 要不然不考研了 从事本专业 做特效吧 真的 看到了国漫的未来
黄丽敏,0,10,好评,真的不错啊!
风云188,0,10,好评,好看，好看，非常好看，还有点感人。
幸福相伴,2,6,购票,还行，一般般
涵涵nike,2,10,好评,我一直在哭，很好的一部电影。
淡淡薄荷香e,0,10,好评,好看，第二次来看了
Tiffany瑾沫儿,0,10,好评,太好看了很喜欢
瞳孔里的暧昧389,2,10,好评,非常好看，值得
嘿呗公司董事长,0,10,好评,电影很好看，笑点泪点把握的很好，特效也做的很棒，节奏把握的好，看到了中国动画电影崛起的初样了
SONG,0,10,好评,好看，我命由我不由天
爱夏:🐝,0,10,好评,好看期待下部
机智的刘小鹿,0,10,好评,哪吒的故事是我们90后的青春，无论是小时候看过的哪个版本，都让我们感受到那种母子情深，还有他那如火般的正义感，这个版本的哪吒补全了以往版本很多缺少的东西，比如描写了李靖对儿子那如山般的爱，还有哪吒更强烈的叛逆，更加真实的表现了一个孩子从小被排斥对待的情感反应，故事的最后更有热血漫的桥段展现，“若命运不公，那就和他斗到底”，致敬所有不服命运而奋斗着的人们，可以看的出作者的野心之大，想构筑出一篇新的故事，不同于以往的哪吒，当真国漫之光啊！
杨谨婕了啦,2,10,好评,土拨鼠尖叫！！！也好看了吧！！！放映结束观众全体鼓掌！！！哪吒小爷太值了！！！跟敖丙CP我磕了！！！
陈圈圈,0,10,好评,“申公公，你也在呀？“不好意思我真的笑喷了！
啊哈哈哈哈哈哈哈哈哈哈哈哈哈哈,2,8,好评,非常好看的电影
蓮生叁拾贰,0,10,好评,啥都不说了，期待姜子牙
香菇青菜包,0,9,好评,"国漫新巅峰，无论技术还是情节。

影片在传统神话故事上做了很大的突破，情节和人物焕然一新！

虽然「我命由我不由天」的主题有点俗套，但讲的够燃够有趣够感动！！"
忆佰诗,1,10,好评,"这也太好看了吧！毫无疑问是我从小到大已来看过的最最优秀的动画片，不亚于心目中的“幽灵公主”。真正的有泪有笑毫无疑问！！这部电影绝对是中国动画电影的一座丰碑，他是一次对封神的挑战，是对我们每个人都无比熟悉的故事的一次改编。在故事上，改造一个人尽皆知的故事远比创新更难，而且还要改得好，改的精彩，更是需要绞尽脑汁的思考和夜以继日的奋斗，我想这也是他在我心中比大圣和大鱼更优秀的地方。
PS:我一个铁石心肠的人，观影过程中，落泪5次！！导演，你不是“人”！"
地平线的奇幻漂流,0,10,好评,前一段还真的笑得喘不过来气，到后面眼睛不时地湿润起来，真的是从骨子里的不认命，不信天命，真的就是中国人千百年来的血脉精神，值得一看，不进对孩子有更深的教育作用，真的是适合全部的中国人看
三天心情,2,9,好评,强烈推荐！帅爆了！藕霸和大圣有一拼！中国动画雄起！！！！！！
，,2,10,好评,国产动画中的NO.1 很多感受值得我们去思考，亲情，友情，责任…不止是孩子看，更值得我们大人一看。动画画面很美，剧情时而搞笑，时而悲伤…希望国产动画加油，能出更多这样的好动画！
诶哟,1,10,好评,好看  优秀
YTC140884281,0,9,好评,还可以，特效很不错
余音*,2,10,好评,好看，看哭了
s芬r,2,10,好评,"超级好看
近几年都不咋哭了，回炉香蜜全程无泪我感觉自己都有问题了，泪腺细胞坏了
今天居然哭了🎡"
一建过了才改名,1,10,好评,和她一起看的，中间夹了一个大灯泡💡 
A船长,1,10,好评,"国漫崛起了。

我也是贡献了电影票的"
我喜欢的是喜剧啊,0,10,好评,想看还没时间，等我~😭
白夜,1,10,好评,好看，期待第二季的姜子牙
英婷YT-YT,2,9,好评,结尾一点点烂尾，前面真的是眼泪还在流就开始笑。又哭又笑，剧情太棒了
A陈雪芳 TST明星自主牌品,0,10,好评,很好看，剧情有搞笑也很感人
QBL144350433,1,10,好评,国产动漫的崛起
NYU354559028,2,10,好评,挺好的，画面超级细腻，特别是穿肚兜的哪吒真的好可爱！我是藕饼CP粉！我为藕饼代言！
ai小QQ,0,9,好评,不错，蛮好看的
袁洪波168,1,10,好评,有笑点 有泪点  值得一看
机智的刘小鹿,0,10,好评,哪吒的故事是我们90后的青春，无论是小时候看过的哪个版本，都让我们感受到那种母子情深，还有他那如火般的正义感，这个版本的哪吒补全了以往版本很多缺少的东西，比如描写了李靖对儿子那如山般的爱，还有哪吒更强烈的叛逆，更加真实的表现了一个孩子从小被排斥对待的情感反应，故事的最后更有热血漫的桥段展现，“若命运不公，那就和他斗到底”，致敬所有不服命运而奋斗着的人们，可以看的出作者的野心之大，想构筑出一篇新的故事，不同于以往的哪吒，当真国漫之光啊！
杨谨婕了啦,2,10,好评,土拨鼠尖叫！！！也好看了吧！！！放映结束观众全体鼓掌！！！哪吒小爷太值了！！！跟敖丙CP我磕了！！！
陈圈圈,0,10,好评,“申公公，你也在呀？“不好意思我真的笑喷了！
啊哈哈哈哈哈哈哈哈哈哈哈哈哈哈,2,8,好评,非常好看的电影
蓮生叁拾贰,0,10,好评,啥都不说了，期待姜子牙
水里的鱼,2,10,好评,挺有喜感的，配音的特别逗，电影里有很多梗，挺值得一看
韦渝明,1,10,好评,非常期待这部电影的下一部
👑昕辰,0,10,好评,为国产动画片点赞
傻傻的男神,0,10,好评,好看好看好看
雨后的天晴851,2,10,好评,太感动了😹
知根知底小青年,1,10,好评,挺好的。太乙真人特逗
随风8788,1,10,好评,非常正能量，诠释了我们应该有的一个生活态度，我命由我不由天！
GqQ405059749,0,1,差评,我不喜欢，别问我为什么？
赵凌烟,2,10,好评,笑点泪点并存，很精彩！为国产动画贡献第一个评价!
张籍以,1,10,好评,"国漫之光！
中国之光！"
黎大哥是耀辉,2,10,好评,感人，影片很好！非常好看！
西西09250803,2,10,好评,不错，很搞笑的
BMz406054469,1,10,好评,国漫巅峰～。
用牙咬！,0,10,好评,很棒👍🏻👍🏻👍🏻👍🏻👍🏻👍🏻👍🏻👍🏻👍🏻👍🏻👍🏻👍🏻👍🏻👍🏻
X杰,0,10,好评,好看，终结流量时代的最后一击！！感谢！
机智的刘小鹿,0,10,好评,哪吒的故事是我们90后的青春，无论是小时候看过的哪个版本，都让我们感受到那种母子情深，还有他那如火般的正义感，这个版本的哪吒补全了以往版本很多缺少的东西，比如描写了李靖对儿子那如山般的爱，还有哪吒更强烈的叛逆，更加真实的表现了一个孩子从小被排斥对待的情感反应，故事的最后更有热血漫的桥段展现，“若命运不公，那就和他斗到底”，致敬所有不服命运而奋斗着的人们，可以看的出作者的野心之大，想构筑出一篇新的故事，不同于以往的哪吒，当真国漫之光啊！
杨谨婕了啦,2,10,好评,土拨鼠尖叫！！！也好看了吧！！！放映结束观众全体鼓掌！！！哪吒小爷太值了！！！跟敖丙CP我磕了！！！
陈圈圈,0,10,好评,“申公公，你也在呀？“不好意思我真的笑喷了！
啊哈哈哈哈哈哈哈哈哈哈哈哈哈哈,2,8,好评,非常好看的电影
蓮生叁拾贰,0,10,好评,啥都不说了，期待姜子牙
香菇青菜包,0,9,好评,"国漫新巅峰，无论技术还是情节。

影片在传统神话故事上做了很大的突破，情节和人物焕然一新！

虽然「我命由我不由天」的主题有点俗套，但讲的够燃够有趣够感动！！"
忆佰诗,1,10,好评,"这也太好看了吧！毫无疑问是我从小到大已来看过的最最优秀的动画片，不亚于心目中的“幽灵公主”。真正的有泪有笑毫无疑问！！这部电影绝对是中国动画电影的一座丰碑，他是一次对封神的挑战，是对我们每个人都无比熟悉的故事的一次改编。在故事上，改造一个人尽皆知的故事远比创新更难，而且还要改得好，改的精彩，更是需要绞尽脑汁的思考和夜以继日的奋斗，我想这也是他在我心中比大圣和大鱼更优秀的地方。
PS:我一个铁石心肠的人，观影过程中，落泪5次！！导演，你不是“人”！"
地平线的奇幻漂流,0,10,好评,前一段还真的笑得喘不过来气，到后面眼睛不时地湿润起来，真的是从骨子里的不认命，不信天命，真的就是中国人千百年来的血脉精神，值得一看，不进对孩子有更深的教育作用，真的是适合全部的中国人看
三天心情,2,9,好评,强烈推荐！帅爆了！藕霸和大圣有一拼！中国动画雄起！！！！！！
Jet98,1,9,好评,期待国产的封神宇宙！哪吒小爷本次表现可圈可点，酷，帅，有智商，有担当！希望票房大爆！在哪吒面前，谁也帅不起来！
君莫笑_r,0,10,好评,"国漫仰卧起坐？
哈哈哈哈哈
特效真的很棒，很震撼
对一些人物的塑造可以说是打破了我们往常的印象
期待下一部"
抹茶,0,10,好评,小哪吒无论特效还是场面都很好！
ber593120068,0,10,好评,国产挺起，支持国产动漫
心若向阳,2,9,好评,影片好看，特别感动
熊节食,1,10,购票,很好看很好看
小小小朋友812,2,6,好评,一搬搬，，，，，，，，，，
伪暗,0,10,好评,好看好看好看，确实感动，平凡故事道出深刻道理
孔维奥,1,10,好评,国漫加油，中国“智”造！
人生若如初见hou,0,10,好评,特别好看！看了还想去电影院再看一遍……
李延柱,1,10,好评,很好看，孩子很喜欢
lgx60786699,2,8,好评,孩子们喜欢……
娜娜美妆,2,10,好评,很好看，女儿很喜欢
文玉,2,10,好评,好好看！太帅了，好想看第二遍哦^_^^_^
Vivian~正能量,2,10,好评,"真的太好了，既幽默又感人至深
不要在乎别人的看法，是魔是仙自己说了算
我命由我不由天！！！"
王的女人💋,0,10,好评,太赞了，国产动漫的雄起，加油
机智的刘小鹿,0,10,好评,哪吒的故事是我们90后的青春，无论是小时候看过的哪个版本，都让我们感受到那种母子情深，还有他那如火般的正义感，这个版本的哪吒补全了以往版本很多缺少的东西，比如描写了李靖对儿子那如山般的爱，还有哪吒更强烈的叛逆，更加真实的表现了一个孩子从小被排斥对待的情感反应，故事的最后更有热血漫的桥段展现，“若命运不公，那就和他斗到底”，致敬所有不服命运而奋斗着的人们，可以看的出作者的野心之大，想构筑出一篇新的故事，不同于以往的哪吒，当真国漫之光啊！
杨谨婕了啦,2,10,好评,土拨鼠尖叫！！！也好看了吧！！！放映结束观众全体鼓掌！！！哪吒小爷太值了！！！跟敖丙CP我磕了！！！
陈圈圈,0,10,好评,“申公公，你也在呀？“不好意思我真的笑喷了！
啊哈哈哈哈哈哈哈哈哈哈哈哈哈哈,2,8,好评,非常好看的电影
蓮生叁拾贰,0,10,好评,啥都不说了，期待姜子牙
香菇青菜包,0,9,好评,"国漫新巅峰，无论技术还是情节。

影片在传统神话故事上做了很大的突破，情节和人物焕然一新！

虽然「我命由我不由天」的主题有点俗套，但讲的够燃够有趣够感动！！"
忆佰诗,1,10,好评,"这也太好看了吧！毫无疑问是我从小到大已来看过的最最优秀的动画片，不亚于心目中的“幽灵公主”。真正的有泪有笑毫无疑问！！这部电影绝对是中国动画电影的一座丰碑，他是一次对封神的挑战，是对我们每个人都无比熟悉的故事的一次改编。在故事上，改造一个人尽皆知的故事远比创新更难，而且还要改得好，改的精彩，更是需要绞尽脑汁的思考和夜以继日的奋斗，我想这也是他在我心中比大圣和大鱼更优秀的地方。
PS:我一个铁石心肠的人，观影过程中，落泪5次！！导演，你不是“人”！"
地平线的奇幻漂流,0,10,好评,前一段还真的笑得喘不过来气，到后面眼睛不时地湿润起来，真的是从骨子里的不认命，不信天命，真的就是中国人千百年来的血脉精神，值得一看，不进对孩子有更深的教育作用，真的是适合全部的中国人看
三天心情,2,9,好评,强烈推荐！帅爆了！藕霸和大圣有一拼！中国动画雄起！！！！！！
馨洋,2,10,好评,挺好看的，可以带孩子来看
旧时光丶,1,10,好评,期待哪吒第二部！不愧是民族动画的崛起之作！前半场笑的人仰马翻，后半场感动的眼泪模糊！
歆满意足,2,10,好评,好看看好，最喜欢李靖跟哪吒说的一句话，你是不是别人说了算，想成为什么样的样只有自己说了算
淳宝,0,10,好评,完美！！绝对完美！！画风巨美！情节也很fine！值得一看！！国漫崛起啊啊啊啊啊啊！
淘气包 Portia,0,10,好评,很有启发，很有哲理，很受感动，每个人都能从中看到自己。
丁莉,0,10,好评,这二十多年最精彩的一部动漫作品从人物塑造到创意的故事情节都非常的完美，尤其是中国元素做得太漂亮了！为饺子导演点赞👍！
非仲,0,10,好评,相当不错，好看
72°丽,0,10,好评,很好看~在电影院看的非常舒服~还很贴心~
南城屿,0,8,好评,有笑点有泪点 很不错 国产动画很棒
笨笨蜜蜜,2,10,好评,"我命由我不由天，是魔是仙我自己说了才算。
这句话真的爱了"
Skin to skin,1,6,好评,说真的，哪吒之所以票房这么高完全是营销做的好，再就是同时间没有什么竞争对手，画风和剧情真心一般般！我这样说估计很多人要喷，但是请面对现实！是真心一般般
葡萄不想甜,0,9,好评,逻辑清楚 改变也没有不让人接受，甚至某些角度更像封神里面那个哪吒。另外，我真的太喜欢敖丙了，基本上好的电影都会有一个人气极高的配角，我饼简直让我心疼又爱
☆☆飞逝的年华☆☆,2,10,好评,各人感觉非常好看……朋友们可以看看哟，真的很不错，快点看看吧
Y-gratis,0,10,好评,不赖国漫赞赞
离散金属,1,10,好评,很优秀的动画电影
机智的刘小鹿,0,10,好评,哪吒的故事是我们90后的青春，无论是小时候看过的哪个版本，都让我们感受到那种母子情深，还有他那如火般的正义感，这个版本的哪吒补全了以往版本很多缺少的东西，比如描写了李靖对儿子那如山般的爱，还有哪吒更强烈的叛逆，更加真实的表现了一个孩子从小被排斥对待的情感反应，故事的最后更有热血漫的桥段展现，“若命运不公，那就和他斗到底”，致敬所有不服命运而奋斗着的人们，可以看的出作者的野心之大，想构筑出一篇新的故事，不同于以往的哪吒，当真国漫之光啊！
杨谨婕了啦,2,10,好评,土拨鼠尖叫！！！也好看了吧！！！放映结束观众全体鼓掌！！！哪吒小爷太值了！！！跟敖丙CP我磕了！！！
陈圈圈,0,10,好评,“申公公，你也在呀？“不好意思我真的笑喷了！
啊哈哈哈哈哈哈哈哈哈哈哈哈哈哈,2,8,好评,非常好看的电影
蓮生叁拾贰,0,10,好评,啥都不说了，期待姜子牙
香菇青菜包,0,9,好评,"国漫新巅峰，无论技术还是情节。

影片在传统神话故事上做了很大的突破，情节和人物焕然一新！

虽然「我命由我不由天」的主题有点俗套，但讲的够燃够有趣够感动！！"
忆佰诗,1,10,好评,"这也太好看了吧！毫无疑问是我从小到大已来看过的最最优秀的动画片，不亚于心目中的“幽灵公主”。真正的有泪有笑毫无疑问！！这部电影绝对是中国动画电影的一座丰碑，他是一次对封神的挑战，是对我们每个人都无比熟悉的故事的一次改编。在故事上，改造一个人尽皆知的故事远比创新更难，而且还要改得好，改的精彩，更是需要绞尽脑汁的思考和夜以继日的奋斗，我想这也是他在我心中比大圣和大鱼更优秀的地方。
PS:我一个铁石心肠的人，观影过程中，落泪5次！！导演，你不是“人”！"
地平线的奇幻漂流,0,10,好评,前一段还真的笑得喘不过来气，到后面眼睛不时地湿润起来，真的是从骨子里的不认命，不信天命，真的就是中国人千百年来的血脉精神，值得一看，不进对孩子有更深的教育作用，真的是适合全部的中国人看
三天心情,2,9,好评,强烈推荐！帅爆了！藕霸和大圣有一拼！中国动画雄起！！！！！！
孤寂独狼,1,10,好评,很喜欢哈国漫。。这是一个三十岁男人的心里话，
琦琦琦琦琦琦..,0,10,好评,自己的命运要自己掌握
杨柯,1,10,好评,国产不易，水平比较高，望再接再厉出佳绩，个人继续支持，点个赞
敔-竹水,0,10,好评,非常棒，很好看，很震撼
洁洁,2,10,好评,妈耶，那个特效太完美了，哪吒和敖丙太帅了超好看真的，良心电影
瓶子,2,10,好评,真的非常好看，老少皆宜，确实比传统故事新颖！
hcd523996788,1,9,好评,真的很不错强烈推荐！
柠檬果酱😋,0,10,好评,好看呀 特效特别好
CVK500153,0,10,好评,超好看好看好看
余生,2,10,好评,超级好看(｡･ω･｡)ﾉ♡
abq725672078,2,10,好评,好看，超级喜欢太乙真人
蔡大大905,2,10,好评,看的又哭又笑
高媛,2,10,好评,非常值得一看
小cha,1,10,好评,好看，大人都看得起劲
Recall,1,10,好评,我命由我不由天
机智的刘小鹿,0,10,好评,哪吒的故事是我们90后的青春，无论是小时候看过的哪个版本，都让我们感受到那种母子情深，还有他那如火般的正义感，这个版本的哪吒补全了以往版本很多缺少的东西，比如描写了李靖对儿子那如山般的爱，还有哪吒更强烈的叛逆，更加真实的表现了一个孩子从小被排斥对待的情感反应，故事的最后更有热血漫的桥段展现，“若命运不公，那就和他斗到底”，致敬所有不服命运而奋斗着的人们，可以看的出作者的野心之大，想构筑出一篇新的故事，不同于以往的哪吒，当真国漫之光啊！
杨谨婕了啦,2,10,好评,土拨鼠尖叫！！！也好看了吧！！！放映结束观众全体鼓掌！！！哪吒小爷太值了！！！跟敖丙CP我磕了！！！
陈圈圈,0,10,好评,“申公公，你也在呀？“不好意思我真的笑喷了！
啊哈哈哈哈哈哈哈哈哈哈哈哈哈哈,2,8,好评,非常好看的电影
蓮生叁拾贰,0,10,好评,啥都不说了，期待姜子牙
香菇青菜包,0,9,好评,"国漫新巅峰，无论技术还是情节。

影片在传统神话故事上做了很大的突破，情节和人物焕然一新！

虽然「我命由我不由天」的主题有点俗套，但讲的够燃够有趣够感动！！"
忆佰诗,1,10,好评,"这也太好看了吧！毫无疑问是我从小到大已来看过的最最优秀的动画片，不亚于心目中的“幽灵公主”。真正的有泪有笑毫无疑问！！这部电影绝对是中国动画电影的一座丰碑，他是一次对封神的挑战，是对我们每个人都无比熟悉的故事的一次改编。在故事上，改造一个人尽皆知的故事远比创新更难，而且还要改得好，改的精彩，更是需要绞尽脑汁的思考和夜以继日的奋斗，我想这也是他在我心中比大圣和大鱼更优秀的地方。
PS:我一个铁石心肠的人，观影过程中，落泪5次！！导演，你不是“人”！"
地平线的奇幻漂流,0,10,好评,前一段还真的笑得喘不过来气，到后面眼睛不时地湿润起来，真的是从骨子里的不认命，不信天命，真的就是中国人千百年来的血脉精神，值得一看，不进对孩子有更深的教育作用，真的是适合全部的中国人看
三天心情,2,9,好评,强烈推荐！帅爆了！藕霸和大圣有一拼！中国动画雄起！！！！！！
Jet98,1,9,好评,期待国产的封神宇宙！哪吒小爷本次表现可圈可点，酷，帅，有智商，有担当！希望票房大爆！在哪吒面前，谁也帅不起来！
LHHSD,0,10,好评,不错  超级好看
🐬 Claudia,2,10,好评,非常好看，结局让人意犹未尽，期待下一部
乐生,2,10,好评,超超超好看~
雨后、云初霁,2,10,好评,好看好看，哭惨了
一杯熱coco,0,10,好评,超好看！喜欢哪吒喜欢敖丙
VGp259977023,2,10,好评,很好看，中国自制，鼓励鼓励
李晶110505,2,9,好评,好看😊😀😀😀😀
棒棒v冰,2,10,好评,"哪吒超好看啊，爱了爱了，从此磕上了藕饼
第一次来龙洞这个，原本以为龙洞这个会很小，结果感觉很惊喜，椅子还有软软的靠垫，位置旁边有可以链接数据线直接充电的"
GZy945,2,10,好评,必须五星  要二刷了
陳尘沉_,2,10,好评,啊啊啊啊啊我的吒鹅超级帅！
wiz594144384,1,10,好评,把人生的大起大落诠释淋漓尽致
WJY110651,0,9,好评,很好看，支持国产动画
吃货°kim,0,10,好评,哎，看了两遍了，确实不错
阿瞞,2,10,好评,国漫要崛起！
陶醉的歌,2,10,好评,牛X中国动漫崛起！！！
机智的刘小鹿,0,10,好评,哪吒的故事是我们90后的青春，无论是小时候看过的哪个版本，都让我们感受到那种母子情深，还有他那如火般的正义感，这个版本的哪吒补全了以往版本很多缺少的东西，比如描写了李靖对儿子那如山般的爱，还有哪吒更强烈的叛逆，更加真实的表现了一个孩子从小被排斥对待的情感反应，故事的最后更有热血漫的桥段展现，“若命运不公，那就和他斗到底”，致敬所有不服命运而奋斗着的人们，可以看的出作者的野心之大，想构筑出一篇新的故事，不同于以往的哪吒，当真国漫之光啊！
杨谨婕了啦,2,10,好评,土拨鼠尖叫！！！也好看了吧！！！放映结束观众全体鼓掌！！！哪吒小爷太值了！！！跟敖丙CP我磕了！！！
陈圈圈,0,10,好评,“申公公，你也在呀？“不好意思我真的笑喷了！
啊哈哈哈哈哈哈哈哈哈哈哈哈哈哈,2,8,好评,非常好看的电影
蓮生叁拾贰,0,10,好评,啥都不说了，期待姜子牙
香菇青菜包,0,9,好评,"国漫新巅峰，无论技术还是情节。

影片在传统神话故事上做了很大的突破，情节和人物焕然一新！

虽然「我命由我不由天」的主题有点俗套，但讲的够燃够有趣够感动！！"
忆佰诗,1,10,好评,"这也太好看了吧！毫无疑问是我从小到大已来看过的最最优秀的动画片，不亚于心目中的“幽灵公主”。真正的有泪有笑毫无疑问！！这部电影绝对是中国动画电影的一座丰碑，他是一次对封神的挑战，是对我们每个人都无比熟悉的故事的一次改编。在故事上，改造一个人尽皆知的故事远比创新更难，而且还要改得好，改的精彩，更是需要绞尽脑汁的思考和夜以继日的奋斗，我想这也是他在我心中比大圣和大鱼更优秀的地方。
PS:我一个铁石心肠的人，观影过程中，落泪5次！！导演，你不是“人”！"
地平线的奇幻漂流,0,10,好评,前一段还真的笑得喘不过来气，到后面眼睛不时地湿润起来，真的是从骨子里的不认命，不信天命，真的就是中国人千百年来的血脉精神，值得一看，不进对孩子有更深的教育作用，真的是适合全部的中国人看
三天心情,2,9,好评,强烈推荐！帅爆了！藕霸和大圣有一拼！中国动画雄起！！！！！！
Jet98,1,9,好评,期待国产的封神宇宙！哪吒小爷本次表现可圈可点，酷，帅，有智商，有担当！希望票房大爆！在哪吒面前，谁也帅不起来！
杰瑞,0,9,好评,好看个锤子，放到一般3d特效没了，五星我给电影，影院让我体验感极差
Xu,1,10,好评,很棒，看了2遍！
Lzy,2,10,好评,很棒，生活也是这样，不要过多在意别人的看法，支持中国的哪吒6666
兜啊.,0,9,好评,挺好看的。。
蜗牛与太阳花,2,10,好评,非常值得观看的电影，有泪有笑，已经二刷了，强烈推荐朋友们去看，不可错过的一部好电影。同时也期待明年的姜子牙。
臣服,0,10,购票,国漫崛起，我爱了，剧情很棒，特效很棒，笑点泪点很多，无槽点。
执生🍃,1,10,好评,非常好非常好
李艳秋,0,7,好评,这个儿童片不适合我这个老年人。还是留给小孩子们来评价吧。抱歉了。
Brian112summer.c,0,10,好评,国家应该大力支持这种励志意义动漫，具有教育意义，家长孩子都能看，道理简单，特效细节都很不错，里程碑的一部影片
邎顚,1,10,好评,超好看  前面笑死人  后面还是感人的
tori,0,9,好评,手松点打个9分吧，观众吧期待值炒的太高。其实心平静气，节奏 剧情 人设 画面处理，和白蛇差不多。白蛇我二刷了，可是哪吒没有二刷冲动。剧情还是偏单薄，结尾仓促了一些，可能是资金问题。期待下一部更好。
满天星陈,0,10,好评,无论是画面还是内涵都无可挑剔！
aLs559464104,0,9,好评,特别好看！！！
欧阳梦婷,2,10,好评,国漫支持，✌(̿▀̿ ̿Ĺ̯̿̿▀̿ ̿)✌
陌路,0,10,好评,不错，非常好看
机智的刘小鹿,0,10,好评,哪吒的故事是我们90后的青春，无论是小时候看过的哪个版本，都让我们感受到那种母子情深，还有他那如火般的正义感，这个版本的哪吒补全了以往版本很多缺少的东西，比如描写了李靖对儿子那如山般的爱，还有哪吒更强烈的叛逆，更加真实的表现了一个孩子从小被排斥对待的情感反应，故事的最后更有热血漫的桥段展现，“若命运不公，那就和他斗到底”，致敬所有不服命运而奋斗着的人们，可以看的出作者的野心之大，想构筑出一篇新的故事，不同于以往的哪吒，当真国漫之光啊！
杨谨婕了啦,2,10,好评,土拨鼠尖叫！！！也好看了吧！！！放映结束观众全体鼓掌！！！哪吒小爷太值了！！！跟敖丙CP我磕了！！！
陈圈圈,0,10,好评,“申公公，你也在呀？“不好意思我真的笑喷了！
啊哈哈哈哈哈哈哈哈哈哈哈哈哈哈,2,8,好评,非常好看的电影
蓮生叁拾贰,0,10,好评,啥都不说了，期待姜子牙
香菇青菜包,0,9,好评,"国漫新巅峰，无论技术还是情节。

影片在传统神话故事上做了很大的突破，情节和人物焕然一新！

虽然「我命由我不由天」的主题有点俗套，但讲的够燃够有趣够感动！！"
忆佰诗,1,10,好评,"这也太好看了吧！毫无疑问是我从小到大已来看过的最最优秀的动画片，不亚于心目中的“幽灵公主”。真正的有泪有笑毫无疑问！！这部电影绝对是中国动画电影的一座丰碑，他是一次对封神的挑战，是对我们每个人都无比熟悉的故事的一次改编。在故事上，改造一个人尽皆知的故事远比创新更难，而且还要改得好，改的精彩，更是需要绞尽脑汁的思考和夜以继日的奋斗，我想这也是他在我心中比大圣和大鱼更优秀的地方。
PS:我一个铁石心肠的人，观影过程中，落泪5次！！导演，你不是“人”！"
雨林136,0,10,好评,太好了，没想国产动画片这么棒
Tranquillity_,0,10,好评,好看好看好看 真的国漫之光
迪斯马斯古,1,9,好评,支持国漫，题材情节都不错
UnA997114685,0,10,好评,中国人的骄傲
囍。,0,10,好评,我命由我不由天
ღ   大宝sod蜜,2,10,好评,太好看了，无法形容，直接去看吧，
琉璃祭,2,10,好评,我的哪吒_(:з」∠)_
雨渐,1,10,好评,666，说是看过的最好看的国漫也不为过
笑意未减丶,0,10,好评,好看，幽默风趣，剧情让人也会觉得感动
阿德,0,10,好评,好看好看真的好看
似水流年0923,2,10,购票,这是我目前看到最有感觉的电影！
铜仁君马汽车,0,10,好评,好看好看！很想带儿子去二耍，可惜现在太小！希望过两年儿子长大后，国漫世界第一！鹿娘娘蔡娘娘们赶紧在我二子长大前退出舞台！
ZOE、、、,2,7,好评,没有到特别好看的地步吧
💫转角遇到最幸福💫,0,10,好评,神作，哪吒太帅了
扛着打狗棒的狗,1,10,好评,不多说，给手给手
机智的刘小鹿,0,10,好评,哪吒的故事是我们90后的青春，无论是小时候看过的哪个版本，都让我们感受到那种母子情深，还有他那如火般的正义感，这个版本的哪吒补全了以往版本很多缺少的东西，比如描写了李靖对儿子那如山般的爱，还有哪吒更强烈的叛逆，更加真实的表现了一个孩子从小被排斥对待的情感反应，故事的最后更有热血漫的桥段展现，“若命运不公，那就和他斗到底”，致敬所有不服命运而奋斗着的人们，可以看的出作者的野心之大，想构筑出一篇新的故事，不同于以往的哪吒，当真国漫之光啊！
杨谨婕了啦,2,10,好评,土拨鼠尖叫！！！也好看了吧！！！放映结束观众全体鼓掌！！！哪吒小爷太值了！！！跟敖丙CP我磕了！！！
陈圈圈,0,10,好评,“申公公，你也在呀？“不好意思我真的笑喷了！
啊哈哈哈哈哈哈哈哈哈哈哈哈哈哈,2,8,好评,非常好看的电影
蓮生叁拾贰,0,10,好评,啥都不说了，期待姜子牙
香菇青菜包,0,9,好评,"国漫新巅峰，无论技术还是情节。

影片在传统神话故事上做了很大的突破，情节和人物焕然一新！

虽然「我命由我不由天」的主题有点俗套，但讲的够燃够有趣够感动！！"
忆佰诗,1,10,好评,"这也太好看了吧！毫无疑问是我从小到大已来看过的最最优秀的动画片，不亚于心目中的“幽灵公主”。真正的有泪有笑毫无疑问！！这部电影绝对是中国动画电影的一座丰碑，他是一次对封神的挑战，是对我们每个人都无比熟悉的故事的一次改编。在故事上，改造一个人尽皆知的故事远比创新更难，而且还要改得好，改的精彩，更是需要绞尽脑汁的思考和夜以继日的奋斗，我想这也是他在我心中比大圣和大鱼更优秀的地方。
PS:我一个铁石心肠的人，观影过程中，落泪5次！！导演，你不是“人”！"
地平线的奇幻漂流,0,10,好评,前一段还真的笑得喘不过来气，到后面眼睛不时地湿润起来，真的是从骨子里的不认命，不信天命，真的就是中国人千百年来的血脉精神，值得一看，不进对孩子有更深的教育作用，真的是适合全部的中国人看
果慧（罂粟）,2,10,好评,不错很正义，感触很多
娄先生,1,10,好评,国漫的巅峰吧！感觉是
李家女二公子,0,10,好评,没赶上。。。没看，买了后面的票补上的。。。很震撼。
Research,1,9,好评,好看，确实精彩，改变剧情也很舒服不生硬，看到现在中国电影行业，好片佳片票房大卖，真心高兴，希望以后能少点烂片，多些好电影
北流市联塑批发商,1,10,好评,很好看 建议看看
微笑向暖,2,10,好评,太过分了，哭的眼睛疼
墨玉anan,0,10,好评,好看，好看，好看
细节决定成败,2,10,好评,挺好看的，值得一看，画面很真实
明天0点,1,10,好评,因为感恩改变了命运
超级爱笑的阿畅,0,10,好评,太好看了！！！敖丙哪吒帅一脸！  国漫崛起  支持支持
时光`梦曦🍧,2,10,好评,这个电影真的很好，虽然是个动画片但是非常好看，期待很久了，今天终于看到了，受益挺深，我命由我不由天，很期盼下一部。
果皮皮哥,2,9,好评,我老公看电影打瞌睡的人都说好看
RC.Holmes.W,1,10,好评,小爷喜欢这部电影😂
～       ～,2,10,好评,非常励志，打破了中国动画的历史，强烈推荐！！！！
X10086条狗,0,10,好评,锁死敖丙和哪吒！！！！太帅了
机智的刘小鹿,0,10,好评,哪吒的故事是我们90后的青春，无论是小时候看过的哪个版本，都让我们感受到那种母子情深，还有他那如火般的正义感，这个版本的哪吒补全了以往版本很多缺少的东西，比如描写了李靖对儿子那如山般的爱，还有哪吒更强烈的叛逆，更加真实的表现了一个孩子从小被排斥对待的情感反应，故事的最后更有热血漫的桥段展现，“若命运不公，那就和他斗到底”，致敬所有不服命运而奋斗着的人们，可以看的出作者的野心之大，想构筑出一篇新的故事，不同于以往的哪吒，当真国漫之光啊！
杨谨婕了啦,2,10,好评,土拨鼠尖叫！！！也好看了吧！！！放映结束观众全体鼓掌！！！哪吒小爷太值了！！！跟敖丙CP我磕了！！！
陈圈圈,0,10,好评,“申公公，你也在呀？“不好意思我真的笑喷了！
啊哈哈哈哈哈哈哈哈哈哈哈哈哈哈,2,8,好评,非常好看的电影
蓮生叁拾贰,0,10,好评,啥都不说了，期待姜子牙
香菇青菜包,0,9,好评,"国漫新巅峰，无论技术还是情节。

影片在传统神话故事上做了很大的突破，情节和人物焕然一新！

虽然「我命由我不由天」的主题有点俗套，但讲的够燃够有趣够感动！！"
忆佰诗,1,10,好评,"这也太好看了吧！毫无疑问是我从小到大已来看过的最最优秀的动画片，不亚于心目中的“幽灵公主”。真正的有泪有笑毫无疑问！！这部电影绝对是中国动画电影的一座丰碑，他是一次对封神的挑战，是对我们每个人都无比熟悉的故事的一次改编。在故事上，改造一个人尽皆知的故事远比创新更难，而且还要改得好，改的精彩，更是需要绞尽脑汁的思考和夜以继日的奋斗，我想这也是他在我心中比大圣和大鱼更优秀的地方。
PS:我一个铁石心肠的人，观影过程中，落泪5次！！导演，你不是“人”！"
地平线的奇幻漂流,0,10,好评,前一段还真的笑得喘不过来气，到后面眼睛不时地湿润起来，真的是从骨子里的不认命，不信天命，真的就是中国人千百年来的血脉精神，值得一看，不进对孩子有更深的教育作用，真的是适合全部的中国人看
三天心情,2,9,好评,强烈推荐！帅爆了！藕霸和大圣有一拼！中国动画雄起！！！！！！
一首美丽的故事,0,10,好评,中国动漫的崛起！堪称视觉盛宴牛逼冲天！ 真的 这个导演真的太牛了！ 赞赞赞！ 看一万遍都不为过！中国导演动漫崛起！
胡迪,1,9,好评,好看就是这么简单
李雷,0,10,好评,可以，不赖！
oED811210440,1,10,好评,作为一个经历国漫从猫和老鼠到舒克贝塔到喜羊羊与灰太狼到魁拔，风语咒的90后，感动于国漫的崛起，感动于哪吒电影的细节设计和画风。10多年前没有人相信国漫能这样，好像国漫的衰落是命中注定，舶来品才是最好的，希望国漫也像电影哪吒说的一样:***的鸟命，我命由我不由天，是魔是仙我说的算。国漫加油，哪吒加油。
糖耳朵822,2,10,好评,很感动很惊艳
朝夕相处ai曦,0,10,好评,一部国产顶级的动画，不错(*๓´╰╯`๓)♡支持国货
千与千寻,2,10,好评,好看，好笑又惹人哭，很感人
aSM731720069,2,10,好评,很好看，中途把我感动到哭了，👍👍👍👍👍👍👍👍👍👍👍👍👍👍👍👍
ctj876318368,1,10,好评,我其实一直想问，金吒。木吒呢？开头元始天尊不是说了，第三个孩子吗？电影虽好，但是还是有一定的漏洞。
your   name,1,10,好评,超级无敌巨好看
心怡,2,10,好评,欢乐和泪水同在！最好的一部动画片了，期待哪吒2的出现
佡女薇,0,10,好评,很感人！我命由我不由天！哪吒真的是太可爱了
wHU475833975,2,10,好评,强烈推荐！其实这部戏是我带着对生活工作迷茫的男朋友去看的。
偏爱。。123,2,10,好评,好看(｡･ω･｡)ﾉ♡
LYcy930,2,10,好评,我命由我不由天，是魔是仙，我是谁只有我自己说了算
机智的刘小鹿,0,10,好评,哪吒的故事是我们90后的青春，无论是小时候看过的哪个版本，都让我们感受到那种母子情深，还有他那如火般的正义感，这个版本的哪吒补全了以往版本很多缺少的东西，比如描写了李靖对儿子那如山般的爱，还有哪吒更强烈的叛逆，更加真实的表现了一个孩子从小被排斥对待的情感反应，故事的最后更有热血漫的桥段展现，“若命运不公，那就和他斗到底”，致敬所有不服命运而奋斗着的人们，可以看的出作者的野心之大，想构筑出一篇新的故事，不同于以往的哪吒，当真国漫之光啊！
杨谨婕了啦,2,10,好评,土拨鼠尖叫！！！也好看了吧！！！放映结束观众全体鼓掌！！！哪吒小爷太值了！！！跟敖丙CP我磕了！！！
陈圈圈,0,10,好评,“申公公，你也在呀？“不好意思我真的笑喷了！
啊哈哈哈哈哈哈哈哈哈哈哈哈哈哈,2,8,好评,非常好看的电影
蓮生叁拾贰,0,10,好评,啥都不说了，期待姜子牙
香菇青菜包,0,9,好评,"国漫新巅峰，无论技术还是情节。

影片在传统神话故事上做了很大的突破，情节和人物焕然一新！

虽然「我命由我不由天」的主题有点俗套，但讲的够燃够有趣够感动！！"
忆佰诗,1,10,好评,"这也太好看了吧！毫无疑问是我从小到大已来看过的最最优秀的动画片，不亚于心目中的“幽灵公主”。真正的有泪有笑毫无疑问！！这部电影绝对是中国动画电影的一座丰碑，他是一次对封神的挑战，是对我们每个人都无比熟悉的故事的一次改编。在故事上，改造一个人尽皆知的故事远比创新更难，而且还要改得好，改的精彩，更是需要绞尽脑汁的思考和夜以继日的奋斗，我想这也是他在我心中比大圣和大鱼更优秀的地方。
PS:我一个铁石心肠的人，观影过程中，落泪5次！！导演，你不是“人”！"
地平线的奇幻漂流,0,10,好评,前一段还真的笑得喘不过来气，到后面眼睛不时地湿润起来，真的是从骨子里的不认命，不信天命，真的就是中国人千百年来的血脉精神，值得一看，不进对孩子有更深的教育作用，真的是适合全部的中国人看
三天心情,2,9,好评,强烈推荐！帅爆了！藕霸和大圣有一拼！中国动画雄起！！！！！！
LYcy930,2,10,好评,我命由我不由天，是魔是仙，我是谁只有我自己说了算
Acolasia,0,10,好评,超好看，中途，害我落泪，
亭東工程设计、装饰温18970723593,1,10,好评,非常不错的国产动画片，到最后还比较感动。值得一看
xxxxxxxxoxo,0,2,差评,不好看 没意思 很没意思
济夏夏,0,10,好评,剧情节奏特效打斗都很棒
书中玉,0,10,好评,好看好看好看
SOUTH吧,2,10,好评,国漫 赞^ˇ^
张三岁,1,10,好评,"很好看呀
今天也是我的生日，嗯？？？
我命由我不由天，我也不认命"
wiwi1985,1,10,好评,效果什么的先不说，光是主题和情节我就给💯分。
向日葵🌻笨爷,0,10,好评,笑点挺多的，值得带孩子看看
坐看云起,0,10,好评,特技超棒！颠覆了小时候的故事。我命由我不由天，魔丸投胎在父母亲情的感召、师傅的“教育”、小女孩的感谢和敖丙的信任下依然可以逐渐变善。期待下一步！
～🌲萍🌲~,2,10,好评,感动，我的命运我作主
fanny00,2,10,好评,简直太好看了  好久没看过这么好看的电影啦 一百分💯
明,0,8,好评,笑点泪点足，好笑又好哭
👄洋洋👄,2,10,好评,完美很不错的电影 
机智的刘小鹿,0,10,好评,哪吒的故事是我们90后的青春，无论是小时候看过的哪个版本，都让我们感受到那种母子情深，还有他那如火般的正义感，这个版本的哪吒补全了以往版本很多缺少的东西，比如描写了李靖对儿子那如山般的爱，还有哪吒更强烈的叛逆，更加真实的表现了一个孩子从小被排斥对待的情感反应，故事的最后更有热血漫的桥段展现，“若命运不公，那就和他斗到底”，致敬所有不服命运而奋斗着的人们，可以看的出作者的野心之大，想构筑出一篇新的故事，不同于以往的哪吒，当真国漫之光啊！
杨谨婕了啦,2,10,好评,土拨鼠尖叫！！！也好看了吧！！！放映结束观众全体鼓掌！！！哪吒小爷太值了！！！跟敖丙CP我磕了！！！
陈圈圈,0,10,好评,“申公公，你也在呀？“不好意思我真的笑喷了！
啊哈哈哈哈哈哈哈哈哈哈哈哈哈哈,2,8,好评,非常好看的电影
蓮生叁拾贰,0,10,好评,啥都不说了，期待姜子牙
香菇青菜包,0,9,好评,"国漫新巅峰，无论技术还是情节。

影片在传统神话故事上做了很大的突破，情节和人物焕然一新！

虽然「我命由我不由天」的主题有点俗套，但讲的够燃够有趣够感动！！"
忆佰诗,1,10,好评,"这也太好看了吧！毫无疑问是我从小到大已来看过的最最优秀的动画片，不亚于心目中的“幽灵公主”。真正的有泪有笑毫无疑问！！这部电影绝对是中国动画电影的一座丰碑，他是一次对封神的挑战，是对我们每个人都无比熟悉的故事的一次改编。在故事上，改造一个人尽皆知的故事远比创新更难，而且还要改得好，改的精彩，更是需要绞尽脑汁的思考和夜以继日的奋斗，我想这也是他在我心中比大圣和大鱼更优秀的地方。
PS:我一个铁石心肠的人，观影过程中，落泪5次！！导演，你不是“人”！"
地平线的奇幻漂流,0,10,好评,前一段还真的笑得喘不过来气，到后面眼睛不时地湿润起来，真的是从骨子里的不认命，不信天命，真的就是中国人千百年来的血脉精神，值得一看，不进对孩子有更深的教育作用，真的是适合全部的中国人看
三天心情,2,9,好评,强烈推荐！帅爆了！藕霸和大圣有一拼！中国动画雄起！！！！！！
A_My.sunshine,2,10,好评,命由自己掌控
海城蔡,0,10,好评,很好看，值得家长陪宝宝们一起看
88,2,10,好评,好看，就是电影院声音太大了
猫卿丶,2,10,好评,藕饼就不说别的了！！！
若凡339,2,10,好评,实在是太好看了
涐用泪渲染那份离别,2,10,好评,好看，很适合小孩子看
Stars_c,2,10,好评,超好看，很喜欢哪咤，超棒！！！
iqP317799877,2,10,好评,好看 太好看了
天堂鸟7988,1,10,好评,很不错，我希望再看一下！
mafei19881005,0,10,好评,好看！好看！好看！
泡沫,2,10,好评,非常喜欢💕
凌晨四点醒来,2,10,好评,可惜最后肉身死的时候哪吒不是帅帅的，还是很好看的，但是小龙死的时候都不想想父亲嘛，哪吒父母都在，小龙身边，，，好吧老公在，但是老公丑丑的丫子，还不太聪明
我愿爱你到春暖花开,2,10,好评,很好看，值得一看
橙汁儿大人,2,10,好评,安利安利安利
胆小鬼。他,0,10,好评,非常好看！！！
机智的刘小鹿,0,10,好评,哪吒的故事是我们90后的青春，无论是小时候看过的哪个版本，都让我们感受到那种母子情深，还有他那如火般的正义感，这个版本的哪吒补全了以往版本很多缺少的东西，比如描写了李靖对儿子那如山般的爱，还有哪吒更强烈的叛逆，更加真实的表现了一个孩子从小被排斥对待的情感反应，故事的最后更有热血漫的桥段展现，“若命运不公，那就和他斗到底”，致敬所有不服命运而奋斗着的人们，可以看的出作者的野心之大，想构筑出一篇新的故事，不同于以往的哪吒，当真国漫之光啊！
杨谨婕了啦,2,10,好评,土拨鼠尖叫！！！也好看了吧！！！放映结束观众全体鼓掌！！！哪吒小爷太值了！！！跟敖丙CP我磕了！！！
陈圈圈,0,10,好评,“申公公，你也在呀？“不好意思我真的笑喷了！
啊哈哈哈哈哈哈哈哈哈哈哈哈哈哈,2,8,好评,非常好看的电影
蓮生叁拾贰,0,10,好评,啥都不说了，期待姜子牙
香菇青菜包,0,9,好评,"国漫新巅峰，无论技术还是情节。

影片在传统神话故事上做了很大的突破，情节和人物焕然一新！

虽然「我命由我不由天」的主题有点俗套，但讲的够燃够有趣够感动！！"
忆佰诗,1,10,好评,"这也太好看了吧！毫无疑问是我从小到大已来看过的最最优秀的动画片，不亚于心目中的“幽灵公主”。真正的有泪有笑毫无疑问！！这部电影绝对是中国动画电影的一座丰碑，他是一次对封神的挑战，是对我们每个人都无比熟悉的故事的一次改编。在故事上，改造一个人尽皆知的故事远比创新更难，而且还要改得好，改的精彩，更是需要绞尽脑汁的思考和夜以继日的奋斗，我想这也是他在我心中比大圣和大鱼更优秀的地方。
PS:我一个铁石心肠的人，观影过程中，落泪5次！！导演，你不是“人”！"
地平线的奇幻漂流,0,10,好评,前一段还真的笑得喘不过来气，到后面眼睛不时地湿润起来，真的是从骨子里的不认命，不信天命，真的就是中国人千百年来的血脉精神，值得一看，不进对孩子有更深的教育作用，真的是适合全部的中国人看
三天心情,2,9,好评,强烈推荐！帅爆了！藕霸和大圣有一拼！中国动画雄起！！！！！！
Jackygoo2018,1,10,好评,孩子很喜欢看，3D超清视觉效果，剧情超级震撼，结局始料未及，超级感人
柳格格吖！,2,10,好评,好看  变身的那一瞬间帅到我了
ytterbium,2,10,好评,超级好看，哪吒超帅的
zzz一生何求,0,2,好评,国产片都比外国片黑
留白🍀,1,10,好评,很好看，导演没有墨守成规，而是从一个非常新颖的角度改变了我们从小熟知的哪吒的故事，我非常期待下一步作品，加油＾０＾~
天一检测,2,10,好评,很感人 孩子哭了好几次，也笑的吱嘎吱嘎的
提伯斯TuT,0,10,好评,好看剧情也很不错
我是你六大爷啊,1,10,好评,"有笑有泪
国产加油"
米奇屋520,2,10,好评,很好看，值得购买看，很不错的国漫，支持
丁莉,2,9,好评,很不错，有情有理有燃
晨风,1,10,好评,挺好看的，也很搞笑，最重要的一点，我国动画水平现在很不错！
cat,2,10,好评,中国的动画片真的很进步
耿直的夏哥,1,10,好评,哪吒！拍出了新境界！非常推荐！
冷心636,2,10,好评,颠覆传统。跟上时代。
长得好看的都加我了,1,10,好评,完美太棒了内容太精彩了
机智的刘小鹿,0,10,好评,哪吒的故事是我们90后的青春，无论是小时候看过的哪个版本，都让我们感受到那种母子情深，还有他那如火般的正义感，这个版本的哪吒补全了以往版本很多缺少的东西，比如描写了李靖对儿子那如山般的爱，还有哪吒更强烈的叛逆，更加真实的表现了一个孩子从小被排斥对待的情感反应，故事的最后更有热血漫的桥段展现，“若命运不公，那就和他斗到底”，致敬所有不服命运而奋斗着的人们，可以看的出作者的野心之大，想构筑出一篇新的故事，不同于以往的哪吒，当真国漫之光啊！
杨谨婕了啦,2,10,好评,土拨鼠尖叫！！！也好看了吧！！！放映结束观众全体鼓掌！！！哪吒小爷太值了！！！跟敖丙CP我磕了！！！
陈圈圈,0,10,好评,“申公公，你也在呀？“不好意思我真的笑喷了！
啊哈哈哈哈哈哈哈哈哈哈哈哈哈哈,2,8,好评,非常好看的电影
蓮生叁拾贰,0,10,好评,啥都不说了，期待姜子牙
香菇青菜包,0,9,好评,"国漫新巅峰，无论技术还是情节。

影片在传统神话故事上做了很大的突破，情节和人物焕然一新！

虽然「我命由我不由天」的主题有点俗套，但讲的够燃够有趣够感动！！"
忆佰诗,1,10,好评,"这也太好看了吧！毫无疑问是我从小到大已来看过的最最优秀的动画片，不亚于心目中的“幽灵公主”。真正的有泪有笑毫无疑问！！这部电影绝对是中国动画电影的一座丰碑，他是一次对封神的挑战，是对我们每个人都无比熟悉的故事的一次改编。在故事上，改造一个人尽皆知的故事远比创新更难，而且还要改得好，改的精彩，更是需要绞尽脑汁的思考和夜以继日的奋斗，我想这也是他在我心中比大圣和大鱼更优秀的地方。
PS:我一个铁石心肠的人，观影过程中，落泪5次！！导演，你不是“人”！"
地平线的奇幻漂流,0,10,好评,前一段还真的笑得喘不过来气，到后面眼睛不时地湿润起来，真的是从骨子里的不认命，不信天命，真的就是中国人千百年来的血脉精神，值得一看，不进对孩子有更深的教育作用，真的是适合全部的中国人看
三天心情,2,9,好评,强烈推荐！帅爆了！藕霸和大圣有一拼！中国动画雄起！！！！！！
殇夏,1,10,好评,"不说了，中国动漫之光。
剧情充实，画面好
太乙真人川普好评!
有铺垫，藕饼和拿抓新cp"
Arthas,1,10,好评,虽然自认泪点高，但是李靖替哪吒受死的时候感觉到了眼泪打转，说不上那里是亮点，因为哪里都是亮点，支持国漫，用实力赢得口碑和票房，而不是流量明星和虚假宣传
cpc8958513723150,2,10,购票,好看(｡･ω･｡)ﾉ♡
月色涓涓,0,10,好评,果然不负盛名！每一段都很有意思，有时幽默有趣，有时令人震撼，有时令人感动！孩子们应该了解原著，然后再来看看改编后的故事。根据时代的发展，改编原著未尝不好。
洋崽ovo,0,7,好评,还可以咦咦咦咦咦
lizeping5717,0,9,好评,周氏……………………
离殇,1,10,好评,非常棒的国产电影！
白伟15046188801,1,10,好评,很多年没看过这么好看的动画了
sR121,1,10,好评,国产动画还是不错的
LI.,1,10,好评,国漫已经崛起了！！！
林苏筱格,2,8,好评,他是我儿，这是全篇最温暖的一句话
hHu225893284,0,10,好评,好好看啊。希望出第二部
馨小墨💕,2,10,好评,"我爱哪吒
!
支持导演
太棒了
希望以后还多多出这样的!"
难得糊涂,0,8,好评,有点预期过高了！还是可圈可点的。笑中有泪，爱与命运的主题，很适合写中心思想啥的，也适合孩子与大人共同观赏！
Ydb124835016,0,10,好评,快去看吧，特别好看，很有意思。
机智的刘小鹿,0,10,好评,哪吒的故事是我们90后的青春，无论是小时候看过的哪个版本，都让我们感受到那种母子情深，还有他那如火般的正义感，这个版本的哪吒补全了以往版本很多缺少的东西，比如描写了李靖对儿子那如山般的爱，还有哪吒更强烈的叛逆，更加真实的表现了一个孩子从小被排斥对待的情感反应，故事的最后更有热血漫的桥段展现，“若命运不公，那就和他斗到底”，致敬所有不服命运而奋斗着的人们，可以看的出作者的野心之大，想构筑出一篇新的故事，不同于以往的哪吒，当真国漫之光啊！
杨谨婕了啦,2,10,好评,土拨鼠尖叫！！！也好看了吧！！！放映结束观众全体鼓掌！！！哪吒小爷太值了！！！跟敖丙CP我磕了！！！
陈圈圈,0,10,好评,“申公公，你也在呀？“不好意思我真的笑喷了！
啊哈哈哈哈哈哈哈哈哈哈哈哈哈哈,2,8,好评,非常好看的电影
蓮生叁拾贰,0,10,好评,啥都不说了，期待姜子牙
香菇青菜包,0,9,好评,"国漫新巅峰，无论技术还是情节。

影片在传统神话故事上做了很大的突破，情节和人物焕然一新！

虽然「我命由我不由天」的主题有点俗套，但讲的够燃够有趣够感动！！"
忆佰诗,1,10,好评,"这也太好看了吧！毫无疑问是我从小到大已来看过的最最优秀的动画片，不亚于心目中的“幽灵公主”。真正的有泪有笑毫无疑问！！这部电影绝对是中国动画电影的一座丰碑，他是一次对封神的挑战，是对我们每个人都无比熟悉的故事的一次改编。在故事上，改造一个人尽皆知的故事远比创新更难，而且还要改得好，改的精彩，更是需要绞尽脑汁的思考和夜以继日的奋斗，我想这也是他在我心中比大圣和大鱼更优秀的地方。
PS:我一个铁石心肠的人，观影过程中，落泪5次！！导演，你不是“人”！"
地平线的奇幻漂流,0,10,好评,前一段还真的笑得喘不过来气，到后面眼睛不时地湿润起来，真的是从骨子里的不认命，不信天命，真的就是中国人千百年来的血脉精神，值得一看，不进对孩子有更深的教育作用，真的是适合全部的中国人看
艾达.王春潮,1,10,好评,很好看，颠覆了我对国漫的印象
邢JJ,2,10,好评,中国动漫崛起了，继续支持！
girlman敏,1,8,好评,画面感超强，就是没戴眼镜不能更清晰地看到哈哈哈看电影的时候剧场里小孩子还在一直吼叫惊叹❗️剧情虽然简单可是看到我们动漫电影做得越来越好还是很棒的
子非鱼,1,10,好评,10分，不解释，笑懵了，支持国漫，饺子加油，中国的神话故事从小听到大，牛
唯恐天下不乱￡,2,10,好评,我是小妖怪，逍遥又自在，杀人不眨眼，吃人不放盐，肚子要撑破，茅房去拉屎，想起忘带纸，
钟钟钟强,0,10,好评,完美，四川人的骄傲
妄想839,0,9,好评,必需鼓励已经奖励中国动画电影，不管是剧情和动画制作都很不错，把老娘看哭了！彩蛋没有错过，期待下部
巨蟹娶双鱼,1,10,好评,好看，很有意义！
phD666359949,0,10,好评,赞的很(๑>؂<๑）
老子只想赚钱,0,10,好评,国产牛逼的一塌糊涂
uFp945403835,0,10,好评,影片真心好看，只是电影场地很臭，而且环境差的要命
李泉利instyle,1,1,好评,为什么这么高评分呢
🌸,2,10,好评,带入感很强，视觉真实，情节勾人环环入扣，非常推荐的国货之光
HR.RH,2,10,好评,真的很好看！
rubyonly9,0,10,好评,大人小孩子都能看的动漫，超好看的，有搞笑还有催泪
机智的刘小鹿,0,10,好评,哪吒的故事是我们90后的青春，无论是小时候看过的哪个版本，都让我们感受到那种母子情深，还有他那如火般的正义感，这个版本的哪吒补全了以往版本很多缺少的东西，比如描写了李靖对儿子那如山般的爱，还有哪吒更强烈的叛逆，更加真实的表现了一个孩子从小被排斥对待的情感反应，故事的最后更有热血漫的桥段展现，“若命运不公，那就和他斗到底”，致敬所有不服命运而奋斗着的人们，可以看的出作者的野心之大，想构筑出一篇新的故事，不同于以往的哪吒，当真国漫之光啊！
杨谨婕了啦,2,10,好评,土拨鼠尖叫！！！也好看了吧！！！放映结束观众全体鼓掌！！！哪吒小爷太值了！！！跟敖丙CP我磕了！！！
陈圈圈,0,10,好评,“申公公，你也在呀？“不好意思我真的笑喷了！
啊哈哈哈哈哈哈哈哈哈哈哈哈哈哈,2,8,好评,非常好看的电影
蓮生叁拾贰,0,10,好评,啥都不说了，期待姜子牙
香菇青菜包,0,9,好评,"国漫新巅峰，无论技术还是情节。

影片在传统神话故事上做了很大的突破，情节和人物焕然一新！

虽然「我命由我不由天」的主题有点俗套，但讲的够燃够有趣够感动！！"
忆佰诗,1,10,好评,"这也太好看了吧！毫无疑问是我从小到大已来看过的最最优秀的动画片，不亚于心目中的“幽灵公主”。真正的有泪有笑毫无疑问！！这部电影绝对是中国动画电影的一座丰碑，他是一次对封神的挑战，是对我们每个人都无比熟悉的故事的一次改编。在故事上，改造一个人尽皆知的故事远比创新更难，而且还要改得好，改的精彩，更是需要绞尽脑汁的思考和夜以继日的奋斗，我想这也是他在我心中比大圣和大鱼更优秀的地方。
PS:我一个铁石心肠的人，观影过程中，落泪5次！！导演，你不是“人”！"
地平线的奇幻漂流,0,10,好评,前一段还真的笑得喘不过来气，到后面眼睛不时地湿润起来，真的是从骨子里的不认命，不信天命，真的就是中国人千百年来的血脉精神，值得一看，不进对孩子有更深的教育作用，真的是适合全部的中国人看
Autistic,1,10,好评,为国产动漫打call
Mico,1,10,好评,我是想给11分的，可数没办法，真的是国产良心大作，我国的动画今非昔比，那在沉睡中盛世的国家苏醒了
Sharon木,0,9,好评,"是一个优秀的动画，搞笑元素，可爱及帅气造型皆有，不少致敬经典电影的片段，画面精美，丝毫不输很多欧美和日系动画。没有很传统的说教模式而是让哪吒说出我命由我不由天等经典台词，对传统神话有修改但是改的更有人情味。就此片来讲个人意味更浓区别于很多国产主流动画，传统意识中不崇拜个人英雄而是团结协作，这部动画把二者融合很好。没有打满分的原因是我感觉,还有进步的空间，比如插科打诨部分还不够自然，然后强调叛逆和被误解的部分有点太过刻板。像除了哪吒父母和一个小女孩以外的人类全部都怕他，有点非黑即白的感觉。这个10分，留给未来的饺子。期待你，带来更多的惊艳。"
李佳,2,10,好评,好看！国产动画渐渐发展起来了。
大熊呢66,1,10,好评,笑的流眼泪，感动的流眼泪，喜欢的可以去看看
羊太狼,1,10,好评,喜欢的不打了！
AAw524306715,1,10,好评,不错
Jerny,1,9,好评,说实话可能是我期待太高了，比我想象中的差了一点，可能是煽情部分有点刻意了总之感觉比大圣归来给我的惊喜要少了些，不过国产动画的崛起势不可挡！衷心感到自豪和开心！
Queen康瑤,2,10,好评,国产动漫终于站起来了，真心好看
蒋倩蓉,0,10,好评,哪吒充钱比敖“饼”还多！
不变如何G,1,10,好评,剧情真好，期待下一部。
bb7091,1,10,好评,是中国最好的动画片！有文化！有故事！有幽默！有励志。太好啦！
fHw362837627,0,10,好评,好看好看好看
郭丹,2,10,好评,好看，笑中带泪。国产动画越来越好，期待姜子牙
蘭兰兰兰,2,10,好评,好看好看好看
机智的刘小鹿,0,10,好评,哪吒的故事是我们90后的青春，无论是小时候看过的哪个版本，都让我们感受到那种母子情深，还有他那如火般的正义感，这个版本的哪吒补全了以往版本很多缺少的东西，比如描写了李靖对儿子那如山般的爱，还有哪吒更强烈的叛逆，更加真实的表现了一个孩子从小被排斥对待的情感反应，故事的最后更有热血漫的桥段展现，“若命运不公，那就和他斗到底”，致敬所有不服命运而奋斗着的人们，可以看的出作者的野心之大，想构筑出一篇新的故事，不同于以往的哪吒，当真国漫之光啊！
杨谨婕了啦,2,10,好评,土拨鼠尖叫！！！也好看了吧！！！放映结束观众全体鼓掌！！！哪吒小爷太值了！！！跟敖丙CP我磕了！！！
陈圈圈,0,10,好评,“申公公，你也在呀？“不好意思我真的笑喷了！
啊哈哈哈哈哈哈哈哈哈哈哈哈哈哈,2,8,好评,非常好看的电影
蓮生叁拾贰,0,10,好评,啥都不说了，期待姜子牙
香菇青菜包,0,9,好评,"国漫新巅峰，无论技术还是情节。

影片在传统神话故事上做了很大的突破，情节和人物焕然一新！

虽然「我命由我不由天」的主题有点俗套，但讲的够燃够有趣够感动！！"
どら焼き,2,10,好评,哪吒小天使！藕饼cp🔒 死！！！，
2046,1,10,好评,挺好的。期待后续系列电影
S吃瓜群众S,0,10,好评,很好，国漫的希望。
青蛙哥哥,0,10,好评,"影院里的人都在笑，我却留下了眼泪。
父爱母爱感化了魔童哪吒真的很煽情。"
s357432624,0,10,好评,非常好看😊
谭b屎,2,10,好评,特效剧情我可以。
舒赖赖,0,10,好评,好看的。那个龙王设计蛮震撼的。剧情不错，有感动和好笑的部分。不错
lily,2,9,好评,第一次看动画片掉眼泪💧！喜欢
长柚,0,9,差评,"挺好看的。剧情围绕哪吒一句""我命由我不由天""，哪吒和敖丙都没有做出与自己的""身份""相符的事情，但是都做出了复合自己真正想法的决定，非常好。敖丙一句""谁要和你做朋友""我自动脑补别的哈哈哈。敖丙的配音也太好听了吧我喜欢！"
张亮,1,4,好评,不好看，吹的太厉害了
三刀刘,0,10,好评,满分满分，全程无尿点，有哭有笑
小花,0,10,好评,好看，能有这么高分的评价就证明了一切，毕竟大家都说好的错不了
绊,1,10,好评,很好看  就是里面的我命由我不由天  很让人激动 让人感同身受
重庆胡宏元,0,9,好评,还行，会期待续集吧
一支上上签C,0,10,好评,突然很喜欢惊鸿一瞥这个词，一见钟情太肤浅，日久生情太苍白，别人眉来眼去，我只偷看你那么一眼。
机智的刘小鹿,0,10,好评,哪吒的故事是我们90后的青春，无论是小时候看过的哪个版本，都让我们感受到那种母子情深，还有他那如火般的正义感，这个版本的哪吒补全了以往版本很多缺少的东西，比如描写了李靖对儿子那如山般的爱，还有哪吒更强烈的叛逆，更加真实的表现了一个孩子从小被排斥对待的情感反应，故事的最后更有热血漫的桥段展现，“若命运不公，那就和他斗到底”，致敬所有不服命运而奋斗着的人们，可以看的出作者的野心之大，想构筑出一篇新的故事，不同于以往的哪吒，当真国漫之光啊！
杨谨婕了啦,2,10,好评,土拨鼠尖叫！！！也好看了吧！！！放映结束观众全体鼓掌！！！哪吒小爷太值了！！！跟敖丙CP我磕了！！！
陈圈圈,0,10,好评,“申公公，你也在呀？“不好意思我真的笑喷了！
啊哈哈哈哈哈哈哈哈哈哈哈哈哈哈,2,8,好评,非常好看的电影
蓮生叁拾贰,0,10,好评,啥都不说了，期待姜子牙
香菇青菜包,0,9,好评,"国漫新巅峰，无论技术还是情节。

影片在传统神话故事上做了很大的突破，情节和人物焕然一新！

虽然「我命由我不由天」的主题有点俗套，但讲的够燃够有趣够感动！！"
忆佰诗,1,10,好评,"这也太好看了吧！毫无疑问是我从小到大已来看过的最最优秀的动画片，不亚于心目中的“幽灵公主”。真正的有泪有笑毫无疑问！！这部电影绝对是中国动画电影的一座丰碑，他是一次对封神的挑战，是对我们每个人都无比熟悉的故事的一次改编。在故事上，改造一个人尽皆知的故事远比创新更难，而且还要改得好，改的精彩，更是需要绞尽脑汁的思考和夜以继日的奋斗，我想这也是他在我心中比大圣和大鱼更优秀的地方。
PS:我一个铁石心肠的人，观影过程中，落泪5次！！导演，你不是“人”！"
地平线的奇幻漂流,0,10,好评,前一段还真的笑得喘不过来气，到后面眼睛不时地湿润起来，真的是从骨子里的不认命，不信天命，真的就是中国人千百年来的血脉精神，值得一看，不进对孩子有更深的教育作用，真的是适合全部的中国人看
三天心情,2,9,好评,强烈推荐！帅爆了！藕霸和大圣有一拼！中国动画雄起！！！！！！
果子.,2,10,好评,挺好看的，精彩
ZTg196210895,1,9,好评,你是谁只有你自己说了算!
💓小疯丫头💓,0,10,好评,好看，感人的！哪吒的不认命！
Rzm475201774,2,10,好评,非常喜欢敖丙
Dong,0,10,好评,"小闹包 小闹包 
超出预期 好看 好看～"
梦含,2,10,好评,非常好，可以带孩子来看看
麦梓旳妈,2,10,好评,好看，满满的正能量，是部好电影
昵称,1,10,好评,最后的片段跟海王差不多
待我久久i,0,10,好评,完美！相当不错，好看
永远有多远,2,10,好评,很好看……好棒啊！
杰米,1,9,好评,还不错，但是画面效果不是很好的感觉
茹果得茹果  304,2,10,好评,特别好看，剧中很好的描绘了人物形象，太乙真人的好吃好喝，李靖的执着，爱儿情怀，夫人的爱子心切，敖丙的帅气，善良，哪吒的顽皮，捣蛋，善良，等等，特别好看哦！！！！
原味千玺,0,9,好评,真的超级喜欢小哪吒!!!很真实的感觉。
老强,1,10,好评,鹿晗超帅，舒淇很美，故事好感人哭了好几次，向我开炮，向我开炮向我开炮
ljl608614,1,8,好评,对于国漫来说进步还是很明显
机智的刘小鹿,0,10,好评,哪吒的故事是我们90后的青春，无论是小时候看过的哪个版本，都让我们感受到那种母子情深，还有他那如火般的正义感，这个版本的哪吒补全了以往版本很多缺少的东西，比如描写了李靖对儿子那如山般的爱，还有哪吒更强烈的叛逆，更加真实的表现了一个孩子从小被排斥对待的情感反应，故事的最后更有热血漫的桥段展现，“若命运不公，那就和他斗到底”，致敬所有不服命运而奋斗着的人们，可以看的出作者的野心之大，想构筑出一篇新的故事，不同于以往的哪吒，当真国漫之光啊！
杨谨婕了啦,2,10,好评,土拨鼠尖叫！！！也好看了吧！！！放映结束观众全体鼓掌！！！哪吒小爷太值了！！！跟敖丙CP我磕了！！！
陈圈圈,0,10,好评,“申公公，你也在呀？“不好意思我真的笑喷了！
啊哈哈哈哈哈哈哈哈哈哈哈哈哈哈,2,8,好评,非常好看的电影
蓮生叁拾贰,0,10,好评,啥都不说了，期待姜子牙
香菇青菜包,0,9,好评,"国漫新巅峰，无论技术还是情节。

影片在传统神话故事上做了很大的突破，情节和人物焕然一新！

虽然「我命由我不由天」的主题有点俗套，但讲的够燃够有趣够感动！！"
忆佰诗,1,10,好评,"这也太好看了吧！毫无疑问是我从小到大已来看过的最最优秀的动画片，不亚于心目中的“幽灵公主”。真正的有泪有笑毫无疑问！！这部电影绝对是中国动画电影的一座丰碑，他是一次对封神的挑战，是对我们每个人都无比熟悉的故事的一次改编。在故事上，改造一个人尽皆知的故事远比创新更难，而且还要改得好，改的精彩，更是需要绞尽脑汁的思考和夜以继日的奋斗，我想这也是他在我心中比大圣和大鱼更优秀的地方。
PS:我一个铁石心肠的人，观影过程中，落泪5次！！导演，你不是“人”！"
地平线的奇幻漂流,0,10,好评,前一段还真的笑得喘不过来气，到后面眼睛不时地湿润起来，真的是从骨子里的不认命，不信天命，真的就是中国人千百年来的血脉精神，值得一看，不进对孩子有更深的教育作用，真的是适合全部的中国人看
三天心情,2,9,好评,强烈推荐！帅爆了！藕霸和大圣有一拼！中国动画雄起！！！！！！
ljl608614,1,8,好评,对于国漫来说进步还是很明显
大傻子吖,1,10,好评,好看！！！！！
褪了色的灿烂,1,9,好评,喜欢的歌，静静地听，喜欢的人，远远地看！想看的电影，看一遍就好！
阳光无处不在,0,10,好评,期待下一部，一定要有呀！！！
wangzi8411,0,10,好评,非常值得看的一部电影，强烈推荐
Shit999,0,10,好评,太好看了我喜欢敖丙好喜欢好喜欢！！
peu559039902,2,10,好评,第二遍来看了，超好看的电影。就是璞丽中心的电影院不给力，地方小，孩子也不给发眼镜。这点曼哈顿做的特别好
CgN790032302,1,8,好评,感觉一般般。
倚栏听风239,2,9,好评,很好看，中国动漫电影的崛起，唯一缺点就是黑屏了一会儿，不过后来好了
郭天宸,2,10,好评,超级棒！！！
qCE770717801,2,10,好评,看过的最好看的动画电影！
zhanghao3693,1,10,好评,国产动画的巅峰之作
Sh.Y.H,0,10,购票,好看，带给我的感受很大
石刚,1,7,好评,还好，对于小朋友喜欢
马辉,2,9,好评,感动哭了，有情怀
机智的刘小鹿,0,10,好评,哪吒的故事是我们90后的青春，无论是小时候看过的哪个版本，都让我们感受到那种母子情深，还有他那如火般的正义感，这个版本的哪吒补全了以往版本很多缺少的东西，比如描写了李靖对儿子那如山般的爱，还有哪吒更强烈的叛逆，更加真实的表现了一个孩子从小被排斥对待的情感反应，故事的最后更有热血漫的桥段展现，“若命运不公，那就和他斗到底”，致敬所有不服命运而奋斗着的人们，可以看的出作者的野心之大，想构筑出一篇新的故事，不同于以往的哪吒，当真国漫之光啊！
杨谨婕了啦,2,10,好评,土拨鼠尖叫！！！也好看了吧！！！放映结束观众全体鼓掌！！！哪吒小爷太值了！！！跟敖丙CP我磕了！！！
陈圈圈,0,10,好评,“申公公，你也在呀？“不好意思我真的笑喷了！
啊哈哈哈哈哈哈哈哈哈哈哈哈哈哈,2,8,好评,非常好看的电影
蓮生叁拾贰,0,10,好评,啥都不说了，期待姜子牙
香菇青菜包,0,9,好评,"国漫新巅峰，无论技术还是情节。

影片在传统神话故事上做了很大的突破，情节和人物焕然一新！

虽然「我命由我不由天」的主题有点俗套，但讲的够燃够有趣够感动！！"
忆佰诗,1,10,好评,"这也太好看了吧！毫无疑问是我从小到大已来看过的最最优秀的动画片，不亚于心目中的“幽灵公主”。真正的有泪有笑毫无疑问！！这部电影绝对是中国动画电影的一座丰碑，他是一次对封神的挑战，是对我们每个人都无比熟悉的故事的一次改编。在故事上，改造一个人尽皆知的故事远比创新更难，而且还要改得好，改的精彩，更是需要绞尽脑汁的思考和夜以继日的奋斗，我想这也是他在我心中比大圣和大鱼更优秀的地方。
PS:我一个铁石心肠的人，观影过程中，落泪5次！！导演，你不是“人”！"
地平线的奇幻漂流,0,10,好评,前一段还真的笑得喘不过来气，到后面眼睛不时地湿润起来，真的是从骨子里的不认命，不信天命，真的就是中国人千百年来的血脉精神，值得一看，不进对孩子有更深的教育作用，真的是适合全部的中国人看
三天心情,2,9,好评,强烈推荐！帅爆了！藕霸和大圣有一拼！中国动画雄起！！！！！！
A聚图丶自动导图排版丶13647000056,1,10,好评,情节，台词很不错
我的羡羡啊,0,10,好评,很好看，不得不夸赞编剧情节矛盾都处理的很到位，棒棒哒！
高玉洁,2,10,好评,挺好的   赞赞赞！
xiaobing197769,0,10,好评,好看(｡･ω･｡)ﾉ♡
ZRN109260775,2,10,好评,挺不错的，看着很感动！
南城少年nian,0,10,差评,特效特别好啊 敖丙真是人美心善 瀚墨的配音太苏了
sQb324274017,1,1,好评,超级烂，服务太差
杨语汐.,2,10,好评,特别的喜欢敖丙那个动漫人物还有内向的性格，好心疼他。
电锯未锈,0,10,好评,好看，真的好看
CvK736583397,0,10,好评,太好看了，中国的动画事业的巅峰之作
A南栀花醒,2,10,好评,不愧是国漫第一，敖丙哪吒好帅
Frank.Li,1,10,好评,很精彩~很赞的电影。👍👍👍
知足常乐～室内外绿化设计、租摆,2,10,好评,不错，值得一看，回味无穷
超时一星好评a,1,9,好评,美貌与智慧并重，英雄与侠义的化身
_qqw3d1433260965,0,10,好评,个人觉得不错
机智的刘小鹿,0,10,好评,哪吒的故事是我们90后的青春，无论是小时候看过的哪个版本，都让我们感受到那种母子情深，还有他那如火般的正义感，这个版本的哪吒补全了以往版本很多缺少的东西，比如描写了李靖对儿子那如山般的爱，还有哪吒更强烈的叛逆，更加真实的表现了一个孩子从小被排斥对待的情感反应，故事的最后更有热血漫的桥段展现，“若命运不公，那就和他斗到底”，致敬所有不服命运而奋斗着的人们，可以看的出作者的野心之大，想构筑出一篇新的故事，不同于以往的哪吒，当真国漫之光啊！
杨谨婕了啦,2,10,好评,土拨鼠尖叫！！！也好看了吧！！！放映结束观众全体鼓掌！！！哪吒小爷太值了！！！跟敖丙CP我磕了！！！
陈圈圈,0,10,好评,“申公公，你也在呀？“不好意思我真的笑喷了！
啊哈哈哈哈哈哈哈哈哈哈哈哈哈哈,2,8,好评,非常好看的电影
蓮生叁拾贰,0,10,好评,啥都不说了，期待姜子牙
香菇青菜包,0,9,好评,"国漫新巅峰，无论技术还是情节。

影片在传统神话故事上做了很大的突破，情节和人物焕然一新！

虽然「我命由我不由天」的主题有点俗套，但讲的够燃够有趣够感动！！"
忆佰诗,1,10,好评,"这也太好看了吧！毫无疑问是我从小到大已来看过的最最优秀的动画片，不亚于心目中的“幽灵公主”。真正的有泪有笑毫无疑问！！这部电影绝对是中国动画电影的一座丰碑，他是一次对封神的挑战，是对我们每个人都无比熟悉的故事的一次改编。在故事上，改造一个人尽皆知的故事远比创新更难，而且还要改得好，改的精彩，更是需要绞尽脑汁的思考和夜以继日的奋斗，我想这也是他在我心中比大圣和大鱼更优秀的地方。
PS:我一个铁石心肠的人，观影过程中，落泪5次！！导演，你不是“人”！"
地平线的奇幻漂流,0,10,好评,前一段还真的笑得喘不过来气，到后面眼睛不时地湿润起来，真的是从骨子里的不认命，不信天命，真的就是中国人千百年来的血脉精神，值得一看，不进对孩子有更深的教育作用，真的是适合全部的中国人看
三天心情,2,9,好评,强烈推荐！帅爆了！藕霸和大圣有一拼！中国动画雄起！！！！！！
夏豆。,2,10,好评,敖丙哪吒这对cp我爱了
和你在途,0,10,好评,不一般，挺好看。
qiansiying99,2,10,好评,不错，很好看！
leyeo,1,10,好评,目前为止，算是是最好的国产动画，至少不同年龄段的人看，会有不同的感受和理解，这一点还是非常重要的，我们需要的就是这种。
gkt419288979,2,10,好评,好看，比较推荐的一部电影
莫得闲理你,2,10,好评,题材新颖!赋于新思想，新内涵!真棒!
轩甫 幼稚一下,1,10,好评,"腊鸡，，，，，，
确实看着不赖"
LYH旧时浮尘,0,10,好评,刷新可我对动漫的世界观，以前我是不喜欢看动漫的
宝石红,1,9,好评,有笑有泪，很精彩的，这是二刷
x吃吃c,2,10,好评,好看，，，，，
冷 無情,1,9,好评,感觉还不错啦，充满着 搞笑 刺激 火爆 感动 看了两遍 第一次在泉州万达 第二次厦门美岁 特别是太乙真人 就是很搞笑的 哈哈哈 哪咤编的诗 申公公说的那段话太好了
Y一T,0,10,好评,太好看了!!!
L龙宝宝516,1,10,好评,好看大人小孩都中实合
梓维mama,2,10,好评,没想到动画片也这么好看
SqO737319777,0,10,好评,精彩，触动，流泪…
机智的刘小鹿,0,10,好评,哪吒的故事是我们90后的青春，无论是小时候看过的哪个版本，都让我们感受到那种母子情深，还有他那如火般的正义感，这个版本的哪吒补全了以往版本很多缺少的东西，比如描写了李靖对儿子那如山般的爱，还有哪吒更强烈的叛逆，更加真实的表现了一个孩子从小被排斥对待的情感反应，故事的最后更有热血漫的桥段展现，“若命运不公，那就和他斗到底”，致敬所有不服命运而奋斗着的人们，可以看的出作者的野心之大，想构筑出一篇新的故事，不同于以往的哪吒，当真国漫之光啊！
杨谨婕了啦,2,10,好评,土拨鼠尖叫！！！也好看了吧！！！放映结束观众全体鼓掌！！！哪吒小爷太值了！！！跟敖丙CP我磕了！！！
陈圈圈,0,10,好评,“申公公，你也在呀？“不好意思我真的笑喷了！
啊哈哈哈哈哈哈哈哈哈哈哈哈哈哈,2,8,好评,非常好看的电影
蓮生叁拾贰,0,10,好评,啥都不说了，期待姜子牙
香菇青菜包,0,9,好评,"国漫新巅峰，无论技术还是情节。

影片在传统神话故事上做了很大的突破，情节和人物焕然一新！

虽然「我命由我不由天」的主题有点俗套，但讲的够燃够有趣够感动！！"
忆佰诗,1,10,好评,"这也太好看了吧！毫无疑问是我从小到大已来看过的最最优秀的动画片，不亚于心目中的“幽灵公主”。真正的有泪有笑毫无疑问！！这部电影绝对是中国动画电影的一座丰碑，他是一次对封神的挑战，是对我们每个人都无比熟悉的故事的一次改编。在故事上，改造一个人尽皆知的故事远比创新更难，而且还要改得好，改的精彩，更是需要绞尽脑汁的思考和夜以继日的奋斗，我想这也是他在我心中比大圣和大鱼更优秀的地方。
PS:我一个铁石心肠的人，观影过程中，落泪5次！！导演，你不是“人”！"
地平线的奇幻漂流,0,10,好评,前一段还真的笑得喘不过来气，到后面眼睛不时地湿润起来，真的是从骨子里的不认命，不信天命，真的就是中国人千百年来的血脉精神，值得一看，不进对孩子有更深的教育作用，真的是适合全部的中国人看
三天心情,2,9,好评,强烈推荐！帅爆了！藕霸和大圣有一拼！中国动画雄起！！！！！！
Jet98,1,9,好评,期待国产的封神宇宙！哪吒小爷本次表现可圈可点，酷，帅，有智商，有担当！希望票房大爆！在哪吒面前，谁也帅不起来！
anxiaojia0723,0,10,好评,挺好看的嗯嗯，，，
bxe212580583,0,10,好评,挺好的，我都看哭了
高博（毅力）,2,10,好评,非常好，很喜欢看。
小米粒mier,0,10,好评,大人小孩都适合看，笑和泪，被感动到了！
SWZGK,1,9,好评,表情丰富语言通俗
阎魔聿海,0,10,好评,好看。。。。。。
南风旧忆,1,10,好评,超好看，逗比画风，国漫崛起了
Lutistal,0,10,好评,好看就完事儿了👍👍👍
朋程万里,1,10,好评,真的很不错，去你个鸟命，是人是魔我说了才算！
苏柚1109,0,10,好评,推荐吧，其他话说多没用
〆倾听雨声,2,10,好评,好看…………
七夕苑,2,10,好评,哭惨了！哭惨了
随意看电影路人,0,10,好评,26号已经看过啦，不过一直没打分，恭喜哪吒现在位居票房第七！加油加油！
名雅居公寓,0,10,好评,完美完美完美
wjs那年冬天,1,10,好评,很好……!!!
机智的刘小鹿,0,10,好评,哪吒的故事是我们90后的青春，无论是小时候看过的哪个版本，都让我们感受到那种母子情深，还有他那如火般的正义感，这个版本的哪吒补全了以往版本很多缺少的东西，比如描写了李靖对儿子那如山般的爱，还有哪吒更强烈的叛逆，更加真实的表现了一个孩子从小被排斥对待的情感反应，故事的最后更有热血漫的桥段展现，“若命运不公，那就和他斗到底”，致敬所有不服命运而奋斗着的人们，可以看的出作者的野心之大，想构筑出一篇新的故事，不同于以往的哪吒，当真国漫之光啊！
杨谨婕了啦,2,10,好评,土拨鼠尖叫！！！也好看了吧！！！放映结束观众全体鼓掌！！！哪吒小爷太值了！！！跟敖丙CP我磕了！！！
陈圈圈,0,10,好评,“申公公，你也在呀？“不好意思我真的笑喷了！
啊哈哈哈哈哈哈哈哈哈哈哈哈哈哈,2,8,好评,非常好看的电影
蓮生叁拾贰,0,10,好评,啥都不说了，期待姜子牙
香菇青菜包,0,9,好评,"国漫新巅峰，无论技术还是情节。

影片在传统神话故事上做了很大的突破，情节和人物焕然一新！

虽然「我命由我不由天」的主题有点俗套，但讲的够燃够有趣够感动！！"
忆佰诗,1,10,好评,"这也太好看了吧！毫无疑问是我从小到大已来看过的最最优秀的动画片，不亚于心目中的“幽灵公主”。真正的有泪有笑毫无疑问！！这部电影绝对是中国动画电影的一座丰碑，他是一次对封神的挑战，是对我们每个人都无比熟悉的故事的一次改编。在故事上，改造一个人尽皆知的故事远比创新更难，而且还要改得好，改的精彩，更是需要绞尽脑汁的思考和夜以继日的奋斗，我想这也是他在我心中比大圣和大鱼更优秀的地方。
PS:我一个铁石心肠的人，观影过程中，落泪5次！！导演，你不是“人”！"
地平线的奇幻漂流,0,10,好评,前一段还真的笑得喘不过来气，到后面眼睛不时地湿润起来，真的是从骨子里的不认命，不信天命，真的就是中国人千百年来的血脉精神，值得一看，不进对孩子有更深的教育作用，真的是适合全部的中国人看
三天心情,2,9,好评,强烈推荐！帅爆了！藕霸和大圣有一拼！中国动画雄起！！！！！！
我一直在睡192,2,10,好评,挺好看的，不错
toF953395040,2,10,好评,感动的要命。跟女儿用了一包湿巾。中国人拍中国自己的神话故事。不再是那种中国故事➕老美文化的不伦不类。棒棒哒！
和过去再见,0,10,好评,是魔是仙，我自己说了才算
武威微博在线,1,8,好评,国漫之光  加油了弟弟
轩妈,2,10,好评,很好看，有笑有泪，人性本来就有两面，你是谁要自己说了才算
宿生冷忆,1,10,好评,直接泪目，国漫有望
GZKSXY,0,8,好评,没什么好说的，还不错
小张 小张 慌慌张张,1,8,好评,现在国漫真的崛起了支持国漫
IGZ137849134,1,9,好评,很棒~准备带上孩子二刷！
nn2qq200493,2,10,好评,太棒了！买的零食都忘吃，全身心的观看，剧情很好，内容完整，小哪吒特别可爱！
ovw369217050,0,10,好评,哪吒童年啊，电影真的好看，又搞笑又励志
Beauty青青.,0,9,好评,好看，励志，感人，搞笑，期待第二部！
love米修19950817,2,10,好评,剧情非常好看
qzuser,1,10,好评,！！！！！！牛皮
Ogv966220064,0,9,好评,好看!国产之最!支持
机智的刘小鹿,0,10,好评,哪吒的故事是我们90后的青春，无论是小时候看过的哪个版本，都让我们感受到那种母子情深，还有他那如火般的正义感，这个版本的哪吒补全了以往版本很多缺少的东西，比如描写了李靖对儿子那如山般的爱，还有哪吒更强烈的叛逆，更加真实的表现了一个孩子从小被排斥对待的情感反应，故事的最后更有热血漫的桥段展现，“若命运不公，那就和他斗到底”，致敬所有不服命运而奋斗着的人们，可以看的出作者的野心之大，想构筑出一篇新的故事，不同于以往的哪吒，当真国漫之光啊！
杨谨婕了啦,2,10,好评,土拨鼠尖叫！！！也好看了吧！！！放映结束观众全体鼓掌！！！哪吒小爷太值了！！！跟敖丙CP我磕了！！！
陈圈圈,0,10,好评,“申公公，你也在呀？“不好意思我真的笑喷了！
啊哈哈哈哈哈哈哈哈哈哈哈哈哈哈,2,8,好评,非常好看的电影
蓮生叁拾贰,0,10,好评,啥都不说了，期待姜子牙
香菇青菜包,0,9,好评,"国漫新巅峰，无论技术还是情节。

影片在传统神话故事上做了很大的突破，情节和人物焕然一新！

虽然「我命由我不由天」的主题有点俗套，但讲的够燃够有趣够感动！！"
忆佰诗,1,10,好评,"这也太好看了吧！毫无疑问是我从小到大已来看过的最最优秀的动画片，不亚于心目中的“幽灵公主”。真正的有泪有笑毫无疑问！！这部电影绝对是中国动画电影的一座丰碑，他是一次对封神的挑战，是对我们每个人都无比熟悉的故事的一次改编。在故事上，改造一个人尽皆知的故事远比创新更难，而且还要改得好，改的精彩，更是需要绞尽脑汁的思考和夜以继日的奋斗，我想这也是他在我心中比大圣和大鱼更优秀的地方。
PS:我一个铁石心肠的人，观影过程中，落泪5次！！导演，你不是“人”！"
地平线的奇幻漂流,0,10,好评,前一段还真的笑得喘不过来气，到后面眼睛不时地湿润起来，真的是从骨子里的不认命，不信天命，真的就是中国人千百年来的血脉精神，值得一看，不进对孩子有更深的教育作用，真的是适合全部的中国人看
三天心情,2,9,好评,强烈推荐！帅爆了！藕霸和大圣有一拼！中国动画雄起！！！！！！
Jet98,1,9,好评,期待国产的封神宇宙！哪吒小爷本次表现可圈可点，酷，帅，有智商，有担当！希望票房大爆！在哪吒面前，谁也帅不起来！
五花肉De汪,1,9,好评,"别人看哪吒，是笑着看完的，
而我一个人默默坐在那，流着眼泪看完的。
我命由我不由天，也算是一种无奈吧！

我命由我不由天，只是一句台词，哪吒只有一个！尽管道破了多少成年人的心声，但始终，你还是要埋头工作，于家庭、于工作、于社会，这就是生活在这个世界上的现状，一个不可打破的守恒定律！命运多舛，终究很多事情是无能为力的！"
城南交警大队,1,10,好评,"这个真的得给十分好评！有笑场也有哭点，真的很棒的一场电影！我命由我不由天！陌生人！在生活里也要加油呀！要自己说了算哦
"
sha522122,2,10,好评,太好看了，看的我鸡血澎湃。支持，以后还在出这么好看的。
Uat107210571,1,10,好评,有泪点，有笑点，不乏教育意义。
C丶阿涛,1,10,好评,好看好看好看
kkk,2,10,好评,龙王***帅啊！
uWd483832878,0,10,好评,带女儿一起看了，都说很好看女儿都被感动哭了😭😭😭哈哈
邵卓卓,0,10,好评,世俗随流的眼光，不了解事实真相的吃瓜群众，是孩子变丑恶的推手，幸亏孩子有一对善良的父母，有一个济世为怀的师长，和不言而喻的友谊挽回局面！所以我们要相信真爱，相信人间真情！相信孩子们是向善的！愿明天更美好！更真善！大爱万岁！
卖长白山特产～电商平台的小姚,0,10,好评,"可以通过自己改变命运~
   非常好看，值得一看"
甜,2,10,好评,好看到炸裂啊！
№懦弱不是我的范er,2,9,好评,超级超级好看
( ｡ớ ₃ờ)ھ,1,10,好评,大老爷们看出眼泪
枕边书.c,2,10,好评,好看很棒了国产加油
LlQ836715957,0,10,好评,支持国漫。看了一遍真是意犹未尽。想在看一遍
Sgra晴,0,10,好评,反正好看，没的说
机智的刘小鹿,0,10,好评,哪吒的故事是我们90后的青春，无论是小时候看过的哪个版本，都让我们感受到那种母子情深，还有他那如火般的正义感，这个版本的哪吒补全了以往版本很多缺少的东西，比如描写了李靖对儿子那如山般的爱，还有哪吒更强烈的叛逆，更加真实的表现了一个孩子从小被排斥对待的情感反应，故事的最后更有热血漫的桥段展现，“若命运不公，那就和他斗到底”，致敬所有不服命运而奋斗着的人们，可以看的出作者的野心之大，想构筑出一篇新的故事，不同于以往的哪吒，当真国漫之光啊！
杨谨婕了啦,2,10,好评,土拨鼠尖叫！！！也好看了吧！！！放映结束观众全体鼓掌！！！哪吒小爷太值了！！！跟敖丙CP我磕了！！！
陈圈圈,0,10,好评,“申公公，你也在呀？“不好意思我真的笑喷了！
啊哈哈哈哈哈哈哈哈哈哈哈哈哈哈,2,8,好评,非常好看的电影
蓮生叁拾贰,0,10,好评,啥都不说了，期待姜子牙
香菇青菜包,0,9,好评,"国漫新巅峰，无论技术还是情节。

影片在传统神话故事上做了很大的突破，情节和人物焕然一新！

虽然「我命由我不由天」的主题有点俗套，但讲的够燃够有趣够感动！！"
忆佰诗,1,10,好评,"这也太好看了吧！毫无疑问是我从小到大已来看过的最最优秀的动画片，不亚于心目中的“幽灵公主”。真正的有泪有笑毫无疑问！！这部电影绝对是中国动画电影的一座丰碑，他是一次对封神的挑战，是对我们每个人都无比熟悉的故事的一次改编。在故事上，改造一个人尽皆知的故事远比创新更难，而且还要改得好，改的精彩，更是需要绞尽脑汁的思考和夜以继日的奋斗，我想这也是他在我心中比大圣和大鱼更优秀的地方。
PS:我一个铁石心肠的人，观影过程中，落泪5次！！导演，你不是“人”！"
地平线的奇幻漂流,0,10,好评,前一段还真的笑得喘不过来气，到后面眼睛不时地湿润起来，真的是从骨子里的不认命，不信天命，真的就是中国人千百年来的血脉精神，值得一看，不进对孩子有更深的教育作用，真的是适合全部的中国人看
lithromantic,2,10,好评,超级无敌好看，就是去晚了没赶上开场有、遗憾
柠檬脾气236,2,8,好评,不错，国漫的崛起。音效不错，
XiW576552372,2,10,好评,十分，不怕你们骄傲
T569160974,2,10,好评,有笑点有泪点，并不是所有的动画只适合小孩子观看比如吒儿……
冬雪,2,10,好评,改编很好  虽然与传统故事不同 但是改编的人物有血有肉
华仔,1,10,好评,值得一看的国产动画，第一次看4D。不错
花小小诗,2,10,好评,完美  哪吒太可爱了
作妖的鱼,2,10,好评,很好看的，国产动画很棒
元气少女张鹤伦,0,10,好评,"超级好看！！！
猛推！！！"
呦、小小莎,0,10,好评,真的出乎我意料的好看 泪点笑点都有 励志又温暖 真的壮哉我大国漫啊～
爱喝水的DMC,2,9,好评,好看！看完还能明白好多事情！别人的看法都不是问题！
饿,2,10,好评,"在家喻户晓的“哪吒闹海”故事中，哪吒大闹东海，痛打龙王三太子，抽龙筋，导致四海龙王水淹陈塘关。
哪吒在父亲李靖的训斥下，拔剑自刎。
父亲对哪吒说：“逆子！父母骨肉养了你，你反而连累父母！留你何用？”
哪吒指着龙王：“老妖龙，你听着，我一人做事一人当，不许你们祸害百姓！”
他回头看了看自己的父亲：“爹爹！你的骨肉，我还给你，我不连累你！”
在传统故事里，哪吒反抗的是父权。
在电影《哪吒》中，哪吒生为魔丸投胎，却坚信“我命由我不由天”，他反抗的是自己的命运。
这是一个经典的热血主题，不论是谁，尤其是电影主流观众年轻人，都能与“不认命，做自己命运的主宰”这一主题产生共鸣。"
An Trouble💜,2,10,好评,为国产电影打call，完美的融合了中国古代文化与神话。
老何,1,10,好评,动画片陪儿子看了两遍。第一次被动画片吸引了，还认真看完，意犹未尽！中国动画片出大师了！！！
不看路人只牵你手,0,10,好评,非常奈斯！！
机智的刘小鹿,0,10,好评,哪吒的故事是我们90后的青春，无论是小时候看过的哪个版本，都让我们感受到那种母子情深，还有他那如火般的正义感，这个版本的哪吒补全了以往版本很多缺少的东西，比如描写了李靖对儿子那如山般的爱，还有哪吒更强烈的叛逆，更加真实的表现了一个孩子从小被排斥对待的情感反应，故事的最后更有热血漫的桥段展现，“若命运不公，那就和他斗到底”，致敬所有不服命运而奋斗着的人们，可以看的出作者的野心之大，想构筑出一篇新的故事，不同于以往的哪吒，当真国漫之光啊！
杨谨婕了啦,2,10,好评,土拨鼠尖叫！！！也好看了吧！！！放映结束观众全体鼓掌！！！哪吒小爷太值了！！！跟敖丙CP我磕了！！！
陈圈圈,0,10,好评,“申公公，你也在呀？“不好意思我真的笑喷了！
啊哈哈哈哈哈哈哈哈哈哈哈哈哈哈,2,8,好评,非常好看的电影
蓮生叁拾贰,0,10,好评,啥都不说了，期待姜子牙
香菇青菜包,0,9,好评,"国漫新巅峰，无论技术还是情节。

影片在传统神话故事上做了很大的突破，情节和人物焕然一新！

虽然「我命由我不由天」的主题有点俗套，但讲的够燃够有趣够感动！！"
忆佰诗,1,10,好评,"这也太好看了吧！毫无疑问是我从小到大已来看过的最最优秀的动画片，不亚于心目中的“幽灵公主”。真正的有泪有笑毫无疑问！！这部电影绝对是中国动画电影的一座丰碑，他是一次对封神的挑战，是对我们每个人都无比熟悉的故事的一次改编。在故事上，改造一个人尽皆知的故事远比创新更难，而且还要改得好，改的精彩，更是需要绞尽脑汁的思考和夜以继日的奋斗，我想这也是他在我心中比大圣和大鱼更优秀的地方。
PS:我一个铁石心肠的人，观影过程中，落泪5次！！导演，你不是“人”！"
地平线的奇幻漂流,0,10,好评,前一段还真的笑得喘不过来气，到后面眼睛不时地湿润起来，真的是从骨子里的不认命，不信天命，真的就是中国人千百年来的血脉精神，值得一看，不进对孩子有更深的教育作用，真的是适合全部的中国人看
三天心情,2,9,好评,强烈推荐！帅爆了！藕霸和大圣有一拼！中国动画雄起！！！！！！
hangela7468,0,10,好评,真的是超级好看，颠覆以往哪吒的形象，笑点很多，支持国产动画！
x i a o r u,0,10,好评,真的非常好看！满满的正能量！我命由我不由天！
馈赠.,0,10,好评,非常完美我爱哪吒敖丙
钱小小彭,0,9,好评,最好看的国漫！剧情非常好，有泪点有笑点！
晓磊,0,10,好评,这么多年，我居然哭了
无法显示此昵称,2,9,好评,还蛮好玩的，很多爆笑点，哪吒那么可爱的孩子竟然给弄的那么痞
佳和-曾辉,1,10,好评,有笑点、有感动，不错的电影！
Jennifer—,2,10,好评,好看，很好看
北冥有海,1,10,好评,就俩字，牛逼！
拂过清山的微风,1,10,好评,挺好看的，成年人血压
L,2,10,好评,真的是超级优秀的国漫呀，笑与泪并存
叮咚,0,10,购票,一个字 好！
火系大魔法师776,2,7,好评,"整体来说，我可以看到国漫的进步，但是只是进步√
画面分镜都挺好挺有意思的√
但是，感情线做的不好√
剧情这点是国漫最大的问题，前者约炮一夜情白蛇，在这里变成了，我们踢了个毽子，我们是朋友我就要帮你抗天雷的好兄弟剧情√
说实话很微妙√
敖丙毕竟是去帮人抗天劫，从小灌输的龙族的使命被一句没怎么铺垫的“我们是朋友”带过，表示有些不能接受√
所以给你七分不能让你骄傲"
月娥,2,10,好评,太过瘾了，腿都软了
会飞的猪877,1,10,好评,好看，笑点是猪
机智的刘小鹿,0,10,好评,哪吒的故事是我们90后的青春，无论是小时候看过的哪个版本，都让我们感受到那种母子情深，还有他那如火般的正义感，这个版本的哪吒补全了以往版本很多缺少的东西，比如描写了李靖对儿子那如山般的爱，还有哪吒更强烈的叛逆，更加真实的表现了一个孩子从小被排斥对待的情感反应，故事的最后更有热血漫的桥段展现，“若命运不公，那就和他斗到底”，致敬所有不服命运而奋斗着的人们，可以看的出作者的野心之大，想构筑出一篇新的故事，不同于以往的哪吒，当真国漫之光啊！
杨谨婕了啦,2,10,好评,土拨鼠尖叫！！！也好看了吧！！！放映结束观众全体鼓掌！！！哪吒小爷太值了！！！跟敖丙CP我磕了！！！
陈圈圈,0,10,好评,“申公公，你也在呀？“不好意思我真的笑喷了！
啊哈哈哈哈哈哈哈哈哈哈哈哈哈哈,2,8,好评,非常好看的电影
蓮生叁拾贰,0,10,好评,啥都不说了，期待姜子牙
香菇青菜包,0,9,好评,"国漫新巅峰，无论技术还是情节。

影片在传统神话故事上做了很大的突破，情节和人物焕然一新！

虽然「我命由我不由天」的主题有点俗套，但讲的够燃够有趣够感动！！"
忆佰诗,1,10,好评,"这也太好看了吧！毫无疑问是我从小到大已来看过的最最优秀的动画片，不亚于心目中的“幽灵公主”。真正的有泪有笑毫无疑问！！这部电影绝对是中国动画电影的一座丰碑，他是一次对封神的挑战，是对我们每个人都无比熟悉的故事的一次改编。在故事上，改造一个人尽皆知的故事远比创新更难，而且还要改得好，改的精彩，更是需要绞尽脑汁的思考和夜以继日的奋斗，我想这也是他在我心中比大圣和大鱼更优秀的地方。
PS:我一个铁石心肠的人，观影过程中，落泪5次！！导演，你不是“人”！"
地平线的奇幻漂流,0,10,好评,前一段还真的笑得喘不过来气，到后面眼睛不时地湿润起来，真的是从骨子里的不认命，不信天命，真的就是中国人千百年来的血脉精神，值得一看，不进对孩子有更深的教育作用，真的是适合全部的中国人看
三天心情,2,9,好评,强烈推荐！帅爆了！藕霸和大圣有一拼！中国动画雄起！！！！！！
苟,0,10,好评,超然！丙丙超帅！
贾民俊律师,0,6,购票,画面还可以，思想一般般
浮华沧桑转瞬即,2,9,好评,好看好看。。。。。真好看。。。粉这个对Cp
李先森灬,1,10,好评,好看，好看好看
V法式牛爵,0,10,好评,很不错的观影，特效一流，剧情紧凑有序，搞笑和泪点都很高，最后把我看哭了好几次。
俊熙,1,9,好评,还不错挺好的
ML鹿L,0,8,好评,还有要进步的地方，但是整体还可以啦
NJn783540888,0,10,好评,超级好看啊啊啊啊啊啊
李思雨、,2,10,好评,惊心动魄，无比精彩。
陈年往事（陈豪生）,1,10,好评,很不错，里面也有搞笑的，有那个感动的，
小杨杨哒,0,10,好评,特别好看，感觉国漫要崛起了，有泪点，有笑点，很好
六月爸爸.,2,10,好评,真的特别好看 推荐去看 很喜欢很喜欢 整部影风很喜欢
I'm 邱bao,0,10,好评,中国动漫这次用心了
avE805160367,0,10,好评,好看  搞笑 温馨  激动
葫芦娃,2,9,好评,我和孩子看的挺开心 
机智的刘小鹿,0,10,好评,哪吒的故事是我们90后的青春，无论是小时候看过的哪个版本，都让我们感受到那种母子情深，还有他那如火般的正义感，这个版本的哪吒补全了以往版本很多缺少的东西，比如描写了李靖对儿子那如山般的爱，还有哪吒更强烈的叛逆，更加真实的表现了一个孩子从小被排斥对待的情感反应，故事的最后更有热血漫的桥段展现，“若命运不公，那就和他斗到底”，致敬所有不服命运而奋斗着的人们，可以看的出作者的野心之大，想构筑出一篇新的故事，不同于以往的哪吒，当真国漫之光啊！
杨谨婕了啦,2,10,好评,土拨鼠尖叫！！！也好看了吧！！！放映结束观众全体鼓掌！！！哪吒小爷太值了！！！跟敖丙CP我磕了！！！
陈圈圈,0,10,好评,“申公公，你也在呀？“不好意思我真的笑喷了！
啊哈哈哈哈哈哈哈哈哈哈哈哈哈哈,2,8,好评,非常好看的电影
蓮生叁拾贰,0,10,好评,啥都不说了，期待姜子牙
香菇青菜包,0,9,好评,"国漫新巅峰，无论技术还是情节。

影片在传统神话故事上做了很大的突破，情节和人物焕然一新！

虽然「我命由我不由天」的主题有点俗套，但讲的够燃够有趣够感动！！"
忆佰诗,1,10,好评,"这也太好看了吧！毫无疑问是我从小到大已来看过的最最优秀的动画片，不亚于心目中的“幽灵公主”。真正的有泪有笑毫无疑问！！这部电影绝对是中国动画电影的一座丰碑，他是一次对封神的挑战，是对我们每个人都无比熟悉的故事的一次改编。在故事上，改造一个人尽皆知的故事远比创新更难，而且还要改得好，改的精彩，更是需要绞尽脑汁的思考和夜以继日的奋斗，我想这也是他在我心中比大圣和大鱼更优秀的地方。
PS:我一个铁石心肠的人，观影过程中，落泪5次！！导演，你不是“人”！"
地平线的奇幻漂流,0,10,好评,前一段还真的笑得喘不过来气，到后面眼睛不时地湿润起来，真的是从骨子里的不认命，不信天命，真的就是中国人千百年来的血脉精神，值得一看，不进对孩子有更深的教育作用，真的是适合全部的中国人看
小鱼儿🐠,2,10,好评,太好看了。支持国漫。加油。期待第二部
颢,1,10,好评,电影很不错，有泪点有笑点。泪点可以触动人的心灵，笑点可以让人捧腹大笑。唯一不足的就是，写的3D电影，但是其实我的感受和2D差不多，可能是3D技术不太成熟，但是情节是好的。值得推荐👍
Miley,2,10,好评,二刷了~~~
A...橙子,0,8,好评,不失之作的魁拔和尸兄为什么没能得到大家的喜欢呢？只能说巅峰巨作魁拔败在了年代，那时候影院没有现在消费水平火热
Zwh366857613,0,9,好评,带孩子看的，很好看，后面很感人。
共鸣者,1,10,好评,画风 特意不输大圣 太二真人和申公豹说话超搞笑 暗黑风格的哪吒真帅气（史上最丑滑稽）
eSb982301723,0,10,好评,搞笑，感动，震撼！
Dediyh,1,10,好评,超级好看啊 特效很棒
wmj,0,10,好评,很震撼，特别好
燕子17561,2,10,好评,这部电影确实非常完美，当称国漫的巅峰之作，在几年前，国漫崛起的名号已经打响了，但在这部电影里，我才真正看到了国漫崛起的曙光！\^O^/  \^O^/ｸﾞｯ!(๑•̀ㅂ•́)و✧
逝晔,1,10,好评,我想知道饺子老师总共要画多少张海报，哈哈哈哈🤣
安第斯神鹫1987,0,10,好评,情节跌宕起伏，故事层层递进，真情感化黑暗！
XCu787357971,0,10,好评,很棒，感觉很好看
水youran,0,10,好评,我命由我不由天
ldxstarbrother,0,10,好评,影片特效不错
机智的刘小鹿,0,10,好评,哪吒的故事是我们90后的青春，无论是小时候看过的哪个版本，都让我们感受到那种母子情深，还有他那如火般的正义感，这个版本的哪吒补全了以往版本很多缺少的东西，比如描写了李靖对儿子那如山般的爱，还有哪吒更强烈的叛逆，更加真实的表现了一个孩子从小被排斥对待的情感反应，故事的最后更有热血漫的桥段展现，“若命运不公，那就和他斗到底”，致敬所有不服命运而奋斗着的人们，可以看的出作者的野心之大，想构筑出一篇新的故事，不同于以往的哪吒，当真国漫之光啊！
杨谨婕了啦,2,10,好评,土拨鼠尖叫！！！也好看了吧！！！放映结束观众全体鼓掌！！！哪吒小爷太值了！！！跟敖丙CP我磕了！！！
陈圈圈,0,10,好评,“申公公，你也在呀？“不好意思我真的笑喷了！
啊哈哈哈哈哈哈哈哈哈哈哈哈哈哈,2,8,好评,非常好看的电影
蓮生叁拾贰,0,10,好评,啥都不说了，期待姜子牙
香菇青菜包,0,9,好评,"国漫新巅峰，无论技术还是情节。

影片在传统神话故事上做了很大的突破，情节和人物焕然一新！

虽然「我命由我不由天」的主题有点俗套，但讲的够燃够有趣够感动！！"
忆佰诗,1,10,好评,"这也太好看了吧！毫无疑问是我从小到大已来看过的最最优秀的动画片，不亚于心目中的“幽灵公主”。真正的有泪有笑毫无疑问！！这部电影绝对是中国动画电影的一座丰碑，他是一次对封神的挑战，是对我们每个人都无比熟悉的故事的一次改编。在故事上，改造一个人尽皆知的故事远比创新更难，而且还要改得好，改的精彩，更是需要绞尽脑汁的思考和夜以继日的奋斗，我想这也是他在我心中比大圣和大鱼更优秀的地方。
PS:我一个铁石心肠的人，观影过程中，落泪5次！！导演，你不是“人”！"
地平线的奇幻漂流,0,10,好评,前一段还真的笑得喘不过来气，到后面眼睛不时地湿润起来，真的是从骨子里的不认命，不信天命，真的就是中国人千百年来的血脉精神，值得一看，不进对孩子有更深的教育作用，真的是适合全部的中国人看
三天心情,2,9,好评,强烈推荐！帅爆了！藕霸和大圣有一拼！中国动画雄起！！！！！！
你说的是哪个颖,2,10,好评,这是第一次在电影院看国漫，不得不说国漫崛起了，效果很震撼，剧情也很精彩，亲情，友情，个人的成长都深深触动着每一个人
佳美🍀,2,10,好评,感动，非常感动，这故事教会我们不要放坏孩子，在坏的孩子也能被感化，变成好孩子．
屈原,1,10,好评,超级赞😍 😍 😍 
我喜欢的人姓杨i,2,10,好评,敖丙声优我爱死啦
overlord,0,10,好评,"相当现代化的改编，将现代家庭的矛盾与小人物反抗所谓命运的主题展现的淋漓尽致。出色的画质可以说国产动画无出其右唯一的不满可能是剧情太过流畅，反转容易被观众所猜测。总的来说，这是国产电影打破流量资本大门的又一巨作！
"
火锅不如你,0,10,好评,二刷了，喜欢！
萌萌鹿,1,10,好评,看了，特效特燃，又有一些笑点，推荐。
芭比娃娃,2,10,好评,太好看了，国漫就是这么强大
哈哈，小喽喽,0,9,好评,花了很多心思，国漫还是有救的。期待2021年的《姜子牙》
yfj786487492,0,9,好评,非常好，很精彩，超级棒
BMB675625368,1,10,好评,很震撼，好看
汪洋,0,10,好评,十分不错非常好
陌路红颜,1,10,好评,很好看，很感人。
FWe33789492,2,10,好评,国漫崛起啦！
喔哦噢_zsx,2,10,好评,超级好看！！
机智的刘小鹿,0,10,好评,哪吒的故事是我们90后的青春，无论是小时候看过的哪个版本，都让我们感受到那种母子情深，还有他那如火般的正义感，这个版本的哪吒补全了以往版本很多缺少的东西，比如描写了李靖对儿子那如山般的爱，还有哪吒更强烈的叛逆，更加真实的表现了一个孩子从小被排斥对待的情感反应，故事的最后更有热血漫的桥段展现，“若命运不公，那就和他斗到底”，致敬所有不服命运而奋斗着的人们，可以看的出作者的野心之大，想构筑出一篇新的故事，不同于以往的哪吒，当真国漫之光啊！
杨谨婕了啦,2,10,好评,土拨鼠尖叫！！！也好看了吧！！！放映结束观众全体鼓掌！！！哪吒小爷太值了！！！跟敖丙CP我磕了！！！
陈圈圈,0,10,好评,“申公公，你也在呀？“不好意思我真的笑喷了！
啊哈哈哈哈哈哈哈哈哈哈哈哈哈哈,2,8,好评,非常好看的电影
蓮生叁拾贰,0,10,好评,啥都不说了，期待姜子牙
香菇青菜包,0,9,好评,"国漫新巅峰，无论技术还是情节。

影片在传统神话故事上做了很大的突破，情节和人物焕然一新！

虽然「我命由我不由天」的主题有点俗套，但讲的够燃够有趣够感动！！"
忆佰诗,1,10,好评,"这也太好看了吧！毫无疑问是我从小到大已来看过的最最优秀的动画片，不亚于心目中的“幽灵公主”。真正的有泪有笑毫无疑问！！这部电影绝对是中国动画电影的一座丰碑，他是一次对封神的挑战，是对我们每个人都无比熟悉的故事的一次改编。在故事上，改造一个人尽皆知的故事远比创新更难，而且还要改得好，改的精彩，更是需要绞尽脑汁的思考和夜以继日的奋斗，我想这也是他在我心中比大圣和大鱼更优秀的地方。
PS:我一个铁石心肠的人，观影过程中，落泪5次！！导演，你不是“人”！"
地平线的奇幻漂流,0,10,好评,前一段还真的笑得喘不过来气，到后面眼睛不时地湿润起来，真的是从骨子里的不认命，不信天命，真的就是中国人千百年来的血脉精神，值得一看，不进对孩子有更深的教育作用，真的是适合全部的中国人看
三天心情,2,9,好评,强烈推荐！帅爆了！藕霸和大圣有一拼！中国动画雄起！！！！！！
Endless丿回忆,1,10,好评,很好看，国漫现在越来越厉害了
quY847425713,0,9,好评,电影很不错，值得一看
刘思畅,2,10,好评,大人看哭了，孩子很喜欢
,0,10,好评,"我是小妖精，逍遥又自在，杀人不见血，吃人不撒盐
爱死这个小妖精了，棒"
沙拉,2,10,好评,"近几年看过最好的国漫，没有之一。
不吹不黑，饺子是个有毅力磨的人，榜样～
虽然故事比较符合正常故事的路线，
但对于国漫 又哭又笑有主线有惊喜有搞笑，
还保证了画质，已是不易。
人物塑造都比较丰满，
饺子能让观众跟着他塑造的人物又哭又笑，
我觉得，他此生值了，实现了自我的最大价值。
希望自己也能实现梦想，不忘初心。"
Min2287,2,10,好评,哪吒真的很小可爱
Wenw,0,9,好评,hhhh，哪吒和敖丙的戏份在一起的太少了💔💔💔💔
你还是七月.,2,10,好评,很感人 我命不由天 由我
李大寶。,1,10,好评,行，挺好挺好挺好
古¥月,0,10,好评,画面内容都去非常不错
bIW921342259,1,10,好评,敖丙生而为妖… 背负族群命运，替而为灵丸， 应师父 父亲 族人 不得不成‘魔’，哪吒生而为人… 本应拯救苍生， 错成为魔丸，应师父 父母 苍生 从而成‘仙’ 。我命由我不由天，是魔是仙我自己说了算。选择 环境 最后还是看自己。 佛前叩首三千年，回首凡尘不做仙。
Alex,2,10,好评,牛逼！好看！！
精分de天才,0,9,好评,制作优良，剧情逻辑清晰明了，该搞笑的地方搞笑，该感动的地方也感动，人物形象也雕刻比较完善，但怎么说，总感觉魔丸和灵珠之间战力有点差距过大。原本理应平手甚至灵珠略胜一筹的，毕竟人家是龙。所以扣一分。（仅代表个人观点）
小闭探花,1,10,好评,很好看的电影，为国产动画点赞！
_流年&呐么傷,0,10,好评,国产动画厉害了
机智的刘小鹿,0,10,好评,哪吒的故事是我们90后的青春，无论是小时候看过的哪个版本，都让我们感受到那种母子情深，还有他那如火般的正义感，这个版本的哪吒补全了以往版本很多缺少的东西，比如描写了李靖对儿子那如山般的爱，还有哪吒更强烈的叛逆，更加真实的表现了一个孩子从小被排斥对待的情感反应，故事的最后更有热血漫的桥段展现，“若命运不公，那就和他斗到底”，致敬所有不服命运而奋斗着的人们，可以看的出作者的野心之大，想构筑出一篇新的故事，不同于以往的哪吒，当真国漫之光啊！
杨谨婕了啦,2,10,好评,土拨鼠尖叫！！！也好看了吧！！！放映结束观众全体鼓掌！！！哪吒小爷太值了！！！跟敖丙CP我磕了！！！
陈圈圈,0,10,好评,“申公公，你也在呀？“不好意思我真的笑喷了！
啊哈哈哈哈哈哈哈哈哈哈哈哈哈哈,2,8,好评,非常好看的电影
蓮生叁拾贰,0,10,好评,啥都不说了，期待姜子牙
香菇青菜包,0,9,好评,"国漫新巅峰，无论技术还是情节。

影片在传统神话故事上做了很大的突破，情节和人物焕然一新！

虽然「我命由我不由天」的主题有点俗套，但讲的够燃够有趣够感动！！"
忆佰诗,1,10,好评,"这也太好看了吧！毫无疑问是我从小到大已来看过的最最优秀的动画片，不亚于心目中的“幽灵公主”。真正的有泪有笑毫无疑问！！这部电影绝对是中国动画电影的一座丰碑，他是一次对封神的挑战，是对我们每个人都无比熟悉的故事的一次改编。在故事上，改造一个人尽皆知的故事远比创新更难，而且还要改得好，改的精彩，更是需要绞尽脑汁的思考和夜以继日的奋斗，我想这也是他在我心中比大圣和大鱼更优秀的地方。
PS:我一个铁石心肠的人，观影过程中，落泪5次！！导演，你不是“人”！"
地平线的奇幻漂流,0,10,好评,前一段还真的笑得喘不过来气，到后面眼睛不时地湿润起来，真的是从骨子里的不认命，不信天命，真的就是中国人千百年来的血脉精神，值得一看，不进对孩子有更深的教育作用，真的是适合全部的中国人看
三天心情,2,9,好评,强烈推荐！帅爆了！藕霸和大圣有一拼！中国动画雄起！！！！！！
Jet98,1,9,好评,期待国产的封神宇宙！哪吒小爷本次表现可圈可点，酷，帅，有智商，有担当！希望票房大爆！在哪吒面前，谁也帅不起来！
神界无限,0,10,好评,童年的回忆啊
月落西山0217,1,10,好评,太好看了！精彩，哪吒好可爱
,0,9,好评,刚看完了！我来评价！其实我一开始本来就不期待。。毕竟是哪吒啊！谁不知道呢！！我主要看见空间都在磕藕饼和哪吒cp，我现在也要磕cp！←_←真香！！！！我好喜欢的里面的一些句子:我命由我不由天！！不要在乎别人的看法，走自己让别人说去吧！！！挺具有教育意义的一片子，即使我的孩子是个妖怪又如何呢？它也只是个孩子！！！(这就是我们父母，伟大的保护着自己。)这里我看哭！谁没有顽皮叛逆天真过？？好的教育才好走上成人之路。即使全天下的人都讨厌你，只要你是对的！终有一天会有人信的。正能量满满！值得深思。。。
罗小林,1,9,好评,特效打八十分，不算亮点。剧情和故事情节设计不错，有教育意义，给中国动画注入了一种新的模式。
xiaoyue9840,2,10,好评,为中国动幻点赞👍为饺子杨宇点赞👍我命由我不由天！
NDs205431953,0,10,好评,很走心的一部国漫电影，特效和情节都很用心，时而捧腹时而落泪，将亲情，友情诠释的很完美，最后也很励志，不认命就是哪吒，读懂了哪吒就是读懂了自己!支持，好评！
雨が泣い,1,10,好评,今天涌现一大片差评，大家懂了吗？隔壁上海堡垒的水军和鹿孝子们来咯
🗽,1,10,好评,燃到爆燃到爆
最爱流氓兔,1,10,好评,值得一看哎呀太好了
明天521你好,1,10,好评,很不错的一部电影
一只鱼仔a,0,10,好评,神作！！！！！
A李烈纹,1,10,好评,好看   好特效  好剧情   
烨,1,10,好评,女朋友看得眼泪打转，不停地扶着三D眼镜以为我不知道，升起强烈保护欲，给满分了。虽然以后很难再见，但哪吒说的还挺有道理，你是我最爱的女孩啊！感情你全是泪，没有死就活受罪，越是折腾越倒霉，捶死挣扎你累不累，不如瘫在床上睡
范萝蒂,0,10,好评,没想到！没想到！！没想到！！！真心好看
CM4304,2,10,好评,超好看的，赞👍
机智的刘小鹿,0,10,好评,哪吒的故事是我们90后的青春，无论是小时候看过的哪个版本，都让我们感受到那种母子情深，还有他那如火般的正义感，这个版本的哪吒补全了以往版本很多缺少的东西，比如描写了李靖对儿子那如山般的爱，还有哪吒更强烈的叛逆，更加真实的表现了一个孩子从小被排斥对待的情感反应，故事的最后更有热血漫的桥段展现，“若命运不公，那就和他斗到底”，致敬所有不服命运而奋斗着的人们，可以看的出作者的野心之大，想构筑出一篇新的故事，不同于以往的哪吒，当真国漫之光啊！
杨谨婕了啦,2,10,好评,土拨鼠尖叫！！！也好看了吧！！！放映结束观众全体鼓掌！！！哪吒小爷太值了！！！跟敖丙CP我磕了！！！
陈圈圈,0,10,好评,“申公公，你也在呀？“不好意思我真的笑喷了！
啊哈哈哈哈哈哈哈哈哈哈哈哈哈哈,2,8,好评,非常好看的电影
蓮生叁拾贰,0,10,好评,啥都不说了，期待姜子牙
香菇青菜包,0,9,好评,"国漫新巅峰，无论技术还是情节。

影片在传统神话故事上做了很大的突破，情节和人物焕然一新！

虽然「我命由我不由天」的主题有点俗套，但讲的够燃够有趣够感动！！"
忆佰诗,1,10,好评,"这也太好看了吧！毫无疑问是我从小到大已来看过的最最优秀的动画片，不亚于心目中的“幽灵公主”。真正的有泪有笑毫无疑问！！这部电影绝对是中国动画电影的一座丰碑，他是一次对封神的挑战，是对我们每个人都无比熟悉的故事的一次改编。在故事上，改造一个人尽皆知的故事远比创新更难，而且还要改得好，改的精彩，更是需要绞尽脑汁的思考和夜以继日的奋斗，我想这也是他在我心中比大圣和大鱼更优秀的地方。
PS:我一个铁石心肠的人，观影过程中，落泪5次！！导演，你不是“人”！"
地平线的奇幻漂流,0,10,好评,前一段还真的笑得喘不过来气，到后面眼睛不时地湿润起来，真的是从骨子里的不认命，不信天命，真的就是中国人千百年来的血脉精神，值得一看，不进对孩子有更深的教育作用，真的是适合全部的中国人看
三天心情,2,9,好评,强烈推荐！帅爆了！藕霸和大圣有一拼！中国动画雄起！！！！！！
范萝蒂,0,10,好评,没想到！没想到！！没想到！！！真心好看
CM4304,2,10,好评,超好看的，赞👍
LEHYAFEI,2,10,好评,看到了很多星爷的影子，很棒的电影
杨世强13089313193,0,10,好评,好👌靠谱，毕竟国产良心
阳光夏 %的向日葵,0,10,购票,最好看的动漫电影，👍 👍 推荐看看
老男孩,1,7,好评,故事情节还是很饱满的，特效也不错，情感、励志主题清晰，颠覆传统哪吒形象，值得观影。
zyf生活不易。,0,10,好评,小时候的哪吒呆萌呆萌的。变身后的哪吒帅炸了。超级好看，好看，好看，好看。
wlike6666,0,10,好评,确实拍的不错，大人小孩都可以看，强烈推荐
园小仙,2,9,好评,二刷，国漫好看！
灰白绅士,0,10,好评,7嗯帮很厉害
鹿,0,10,好评,最后比较感人
hmily0731,0,9,好评,命运由我不由天
蘑菇朵朵er,2,8,好评,还不错。有预期的感觉。
daiyiyang,1,10,好评,超级好看 剧情不错 也很搞笑
dj8johnny,1,10,好评,很好看，全程无尿点，有教育意义。
机智的刘小鹿,0,10,好评,哪吒的故事是我们90后的青春，无论是小时候看过的哪个版本，都让我们感受到那种母子情深，还有他那如火般的正义感，这个版本的哪吒补全了以往版本很多缺少的东西，比如描写了李靖对儿子那如山般的爱，还有哪吒更强烈的叛逆，更加真实的表现了一个孩子从小被排斥对待的情感反应，故事的最后更有热血漫的桥段展现，“若命运不公，那就和他斗到底”，致敬所有不服命运而奋斗着的人们，可以看的出作者的野心之大，想构筑出一篇新的故事，不同于以往的哪吒，当真国漫之光啊！
杨谨婕了啦,2,10,好评,土拨鼠尖叫！！！也好看了吧！！！放映结束观众全体鼓掌！！！哪吒小爷太值了！！！跟敖丙CP我磕了！！！
陈圈圈,0,10,好评,“申公公，你也在呀？“不好意思我真的笑喷了！
啊哈哈哈哈哈哈哈哈哈哈哈哈哈哈,2,8,好评,非常好看的电影
蓮生叁拾贰,0,10,好评,啥都不说了，期待姜子牙
香菇青菜包,0,9,好评,"国漫新巅峰，无论技术还是情节。

影片在传统神话故事上做了很大的突破，情节和人物焕然一新！

虽然「我命由我不由天」的主题有点俗套，但讲的够燃够有趣够感动！！"
忆佰诗,1,10,好评,"这也太好看了吧！毫无疑问是我从小到大已来看过的最最优秀的动画片，不亚于心目中的“幽灵公主”。真正的有泪有笑毫无疑问！！这部电影绝对是中国动画电影的一座丰碑，他是一次对封神的挑战，是对我们每个人都无比熟悉的故事的一次改编。在故事上，改造一个人尽皆知的故事远比创新更难，而且还要改得好，改的精彩，更是需要绞尽脑汁的思考和夜以继日的奋斗，我想这也是他在我心中比大圣和大鱼更优秀的地方。
PS:我一个铁石心肠的人，观影过程中，落泪5次！！导演，你不是“人”！"
地平线的奇幻漂流,0,10,好评,前一段还真的笑得喘不过来气，到后面眼睛不时地湿润起来，真的是从骨子里的不认命，不信天命，真的就是中国人千百年来的血脉精神，值得一看，不进对孩子有更深的教育作用，真的是适合全部的中国人看
丫丫hua胡,0,9,好评,"特效很棒，看得我恐高症都犯了！！！
很好看的呀！！！"
。。,2,10,好评,超级好看(｡･ω･｡)ﾉ♡我粉哪吒和敖丙这对cp！！！！
碎ii,1,9,好评,很优秀的国产
℡ 安分守己 i  ,1,8,好评,    前面挺搞笑，后面挺伤感的，我25了，看到后面的时候流泪了，我兄弟坐我旁边还说我呢！整体来说挺好的，现在的国漫，已经崛起了，希望越做越好！
Ⅲ,2,10,好评,好看 无尿点
流泪的小番茄,2,10,好评,人的成见就像一座大⛰
STONE,2,10,好评,我女朋友艳鹅说完美
迈克尔杰克曾,0,10,好评,国产的动画片终于开始久违的崛起了。
波宝宝的小迷弟🤟🏻,1,10,好评,很好！有微笑有难过！很棒的一部电影。
子荣,1,10,好评,国漫里程碑！
爱在转角等谁,0,10,好评,搞笑与感动并存！国漫很赞！值得去电影院观看
仙女baby啊,0,10,好评,特别好看！！！
清禾红颜,2,10,好评,非常棒的感觉，非常值得去体验
chf03kj,1,8,好评,很好看，期待下一步。
Me,2,10,好评,好看。喜欢拿抓
机智的刘小鹿,0,10,好评,哪吒的故事是我们90后的青春，无论是小时候看过的哪个版本，都让我们感受到那种母子情深，还有他那如火般的正义感，这个版本的哪吒补全了以往版本很多缺少的东西，比如描写了李靖对儿子那如山般的爱，还有哪吒更强烈的叛逆，更加真实的表现了一个孩子从小被排斥对待的情感反应，故事的最后更有热血漫的桥段展现，“若命运不公，那就和他斗到底”，致敬所有不服命运而奋斗着的人们，可以看的出作者的野心之大，想构筑出一篇新的故事，不同于以往的哪吒，当真国漫之光啊！
杨谨婕了啦,2,10,好评,土拨鼠尖叫！！！也好看了吧！！！放映结束观众全体鼓掌！！！哪吒小爷太值了！！！跟敖丙CP我磕了！！！
陈圈圈,0,10,好评,“申公公，你也在呀？“不好意思我真的笑喷了！
啊哈哈哈哈哈哈哈哈哈哈哈哈哈哈,2,8,好评,非常好看的电影
蓮生叁拾贰,0,10,好评,啥都不说了，期待姜子牙
香菇青菜包,0,9,好评,"国漫新巅峰，无论技术还是情节。

影片在传统神话故事上做了很大的突破，情节和人物焕然一新！

虽然「我命由我不由天」的主题有点俗套，但讲的够燃够有趣够感动！！"
忆佰诗,1,10,好评,"这也太好看了吧！毫无疑问是我从小到大已来看过的最最优秀的动画片，不亚于心目中的“幽灵公主”。真正的有泪有笑毫无疑问！！这部电影绝对是中国动画电影的一座丰碑，他是一次对封神的挑战，是对我们每个人都无比熟悉的故事的一次改编。在故事上，改造一个人尽皆知的故事远比创新更难，而且还要改得好，改的精彩，更是需要绞尽脑汁的思考和夜以继日的奋斗，我想这也是他在我心中比大圣和大鱼更优秀的地方。
PS:我一个铁石心肠的人，观影过程中，落泪5次！！导演，你不是“人”！"
地平线的奇幻漂流,0,10,好评,前一段还真的笑得喘不过来气，到后面眼睛不时地湿润起来，真的是从骨子里的不认命，不信天命，真的就是中国人千百年来的血脉精神，值得一看，不进对孩子有更深的教育作用，真的是适合全部的中国人看
三天心情,2,9,好评,强烈推荐！帅爆了！藕霸和大圣有一拼！中国动画雄起！！！！！！
韬哥™²⁰¹⁹,1,10,好评,国产动画片的典范 铺成的顺其自然 场面非常热闹 水平不低于功夫熊猫 加入了一些方言 让中国观众觉得亲切
妖孽467,2,10,好评,一定要去看！！！
Mci80443962,2,9,好评,虽然没看哭 但是还是觉得很好看 哇哈哈哈 申公公也真的是没谁了 剧情搞笑 画面质感的体验非常好！
啦啦啦嘿啦拉啦啦,0,10,好评,吹爆哪吒这部电影  里面的敖丙和哪吒简直不要太帅太可爱  电影内容在带给我们积极向上正能量的同时  又不缺少泪点  总的来说  这部国产电影很棒
A福心,1,10,好评,国产动画的里程碑，脑洞可以再大一点
影鬼,1,10,好评,其真的很不错、国漫有望了
青青子衿妈,2,10,好评,我站藕饼cp ！！！！！
长风,2,10,好评,有种说不出来的好看！挺励志的
Lsqr1215,2,8,差评,可以，值得看
姗是姗姗的姗1991,0,10,好评,给妈妈和妹妹买的，说是看哭了，应该很好看吧，过两天我自己准备看！
顿都(堆都),1,4,好评,一般吧，内容不行！
金逗表君,0,10,好评,国产动画NB，饺子导演NB。
悠.艾酒酒,0,10,好评,适合小朋友看哈哈哈
lonfei小狐,1,10,好评,很值得去看，又搞笑有亲情有友情有正义……
杭州博琪门窗济南分公司,1,10,好评,满分，非常好看励志！加油不认命🤪 
机智的刘小鹿,0,10,好评,哪吒的故事是我们90后的青春，无论是小时候看过的哪个版本，都让我们感受到那种母子情深，还有他那如火般的正义感，这个版本的哪吒补全了以往版本很多缺少的东西，比如描写了李靖对儿子那如山般的爱，还有哪吒更强烈的叛逆，更加真实的表现了一个孩子从小被排斥对待的情感反应，故事的最后更有热血漫的桥段展现，“若命运不公，那就和他斗到底”，致敬所有不服命运而奋斗着的人们，可以看的出作者的野心之大，想构筑出一篇新的故事，不同于以往的哪吒，当真国漫之光啊！
杨谨婕了啦,2,10,好评,土拨鼠尖叫！！！也好看了吧！！！放映结束观众全体鼓掌！！！哪吒小爷太值了！！！跟敖丙CP我磕了！！！
陈圈圈,0,10,好评,“申公公，你也在呀？“不好意思我真的笑喷了！
啊哈哈哈哈哈哈哈哈哈哈哈哈哈哈,2,8,好评,非常好看的电影
蓮生叁拾贰,0,10,好评,啥都不说了，期待姜子牙
香菇青菜包,0,9,好评,"国漫新巅峰，无论技术还是情节。

影片在传统神话故事上做了很大的突破，情节和人物焕然一新！

虽然「我命由我不由天」的主题有点俗套，但讲的够燃够有趣够感动！！"
忆佰诗,1,10,好评,"这也太好看了吧！毫无疑问是我从小到大已来看过的最最优秀的动画片，不亚于心目中的“幽灵公主”。真正的有泪有笑毫无疑问！！这部电影绝对是中国动画电影的一座丰碑，他是一次对封神的挑战，是对我们每个人都无比熟悉的故事的一次改编。在故事上，改造一个人尽皆知的故事远比创新更难，而且还要改得好，改的精彩，更是需要绞尽脑汁的思考和夜以继日的奋斗，我想这也是他在我心中比大圣和大鱼更优秀的地方。
PS:我一个铁石心肠的人，观影过程中，落泪5次！！导演，你不是“人”！"
地平线的奇幻漂流,0,10,好评,前一段还真的笑得喘不过来气，到后面眼睛不时地湿润起来，真的是从骨子里的不认命，不信天命，真的就是中国人千百年来的血脉精神，值得一看，不进对孩子有更深的教育作用，真的是适合全部的中国人看
楊楊楊.,0,10,好评,"好的…那我三刷哪吒去了
再见上海堡垒"
卧槽有妹子,2,10,好评,带些老婆女儿去看的，真不错，个人感觉比大圣归来要好
盛夏,0,9,好评,挺好看，老少皆宜。
葭月初八,1,10,好评,太震撼了，只能这样说了，无法用言语形容
Quy515712661,0,10,好评,很棒 笑点很多
吃着麻辣烫买辣条,0,10,好评,很好！有泪点，也有深思的地方，年度值得看电影！
爆甜胜己,0,10,好评,很棒的电影，希望国产动画越来越好！恭喜破20亿
抹茶、蛋糕,2,10,好评,棒棒哒！下次还来
djG983966042,2,10,好评,真的贼好看，二刷了
黑夜天使12,0,9,好评,很好看，也挺感人的，就是小哪吒样子坏了点
農農💕,0,10,好评,难看死了！就知道骗我眼泪！哪咤一点都不可爱！敖丙一点都不帅！两个彩蛋等的我一点都不久！哼！呜呜呜呜～封神宇宙啊
到底叫什么好咧,2,9,好评,国产动画的崛起！愿继续加油！国产动画越来越好！
阿凡达,2,10,好评,好开心国产动画这么好看！
hnG663838773,2,10,好评,还不错😄，
杀神林枫,1,9,好评,国产不错的作品
机智的刘小鹿,0,10,好评,哪吒的故事是我们90后的青春，无论是小时候看过的哪个版本，都让我们感受到那种母子情深，还有他那如火般的正义感，这个版本的哪吒补全了以往版本很多缺少的东西，比如描写了李靖对儿子那如山般的爱，还有哪吒更强烈的叛逆，更加真实的表现了一个孩子从小被排斥对待的情感反应，故事的最后更有热血漫的桥段展现，“若命运不公，那就和他斗到底”，致敬所有不服命运而奋斗着的人们，可以看的出作者的野心之大，想构筑出一篇新的故事，不同于以往的哪吒，当真国漫之光啊！
杨谨婕了啦,2,10,好评,土拨鼠尖叫！！！也好看了吧！！！放映结束观众全体鼓掌！！！哪吒小爷太值了！！！跟敖丙CP我磕了！！！
陈圈圈,0,10,好评,“申公公，你也在呀？“不好意思我真的笑喷了！
啊哈哈哈哈哈哈哈哈哈哈哈哈哈哈,2,8,好评,非常好看的电影
蓮生叁拾贰,0,10,好评,啥都不说了，期待姜子牙
香菇青菜包,0,9,好评,"国漫新巅峰，无论技术还是情节。

影片在传统神话故事上做了很大的突破，情节和人物焕然一新！

虽然「我命由我不由天」的主题有点俗套，但讲的够燃够有趣够感动！！"
忆佰诗,1,10,好评,"这也太好看了吧！毫无疑问是我从小到大已来看过的最最优秀的动画片，不亚于心目中的“幽灵公主”。真正的有泪有笑毫无疑问！！这部电影绝对是中国动画电影的一座丰碑，他是一次对封神的挑战，是对我们每个人都无比熟悉的故事的一次改编。在故事上，改造一个人尽皆知的故事远比创新更难，而且还要改得好，改的精彩，更是需要绞尽脑汁的思考和夜以继日的奋斗，我想这也是他在我心中比大圣和大鱼更优秀的地方。
PS:我一个铁石心肠的人，观影过程中，落泪5次！！导演，你不是“人”！"
地平线的奇幻漂流,0,10,好评,前一段还真的笑得喘不过来气，到后面眼睛不时地湿润起来，真的是从骨子里的不认命，不信天命，真的就是中国人千百年来的血脉精神，值得一看，不进对孩子有更深的教育作用，真的是适合全部的中国人看
三天心情,2,9,好评,强烈推荐！帅爆了！藕霸和大圣有一拼！中国动画雄起！！！！！！
Jet98,1,9,好评,期待国产的封神宇宙！哪吒小爷本次表现可圈可点，酷，帅，有智商，有担当！希望票房大爆！在哪吒面前，谁也帅不起来！
淡淡的女子愛你,0,10,好评,很棒，说是搞笑的，有泪点，我泪点太低了   哭😭
荇屍赱肉,1,10,好评,今年最好的电影
春天即将夏天,0,10,好评,我觉得可以。
RHY396230913,2,10,好评,非常好 不错不错
我爱的南朋友520,0,10,好评,哇哦！可以说很好看了，有笑点也有泪点，国产动画片的扛把子啊
Hsiaoly,1,10,好评,很好看，有儿时的感觉，但又添加了很多现代的笑点，看着既激动，又好笑，值了
来日方长,2,10,好评,看了两遍真的是超级好看😍 😍 
潜默,1,10,好评,这剧情，棒极了
木子,2,10,好评,特效做的很好！
sqxulizhi,0,10,好评,很好看！！！！
玩家,1,10,好评,真的特别好看.
tEM441600540,2,10,好评,这部电影看的我这老母亲心里怪难受的，父母对孩子的爱永远都是最深的。
H郝白,2,10,好评,效果很不错，闺女很喜欢
张美琳哦,0,8,好评,很好看 强烈安利
永吹不羞,0,10,好评,用心国漫，导演还是校友，唯一槽点是最后敖丙并不值得村民的屈膝礼。
机智的刘小鹿,0,10,好评,哪吒的故事是我们90后的青春，无论是小时候看过的哪个版本，都让我们感受到那种母子情深，还有他那如火般的正义感，这个版本的哪吒补全了以往版本很多缺少的东西，比如描写了李靖对儿子那如山般的爱，还有哪吒更强烈的叛逆，更加真实的表现了一个孩子从小被排斥对待的情感反应，故事的最后更有热血漫的桥段展现，“若命运不公，那就和他斗到底”，致敬所有不服命运而奋斗着的人们，可以看的出作者的野心之大，想构筑出一篇新的故事，不同于以往的哪吒，当真国漫之光啊！
杨谨婕了啦,2,10,好评,土拨鼠尖叫！！！也好看了吧！！！放映结束观众全体鼓掌！！！哪吒小爷太值了！！！跟敖丙CP我磕了！！！
陈圈圈,0,10,好评,“申公公，你也在呀？“不好意思我真的笑喷了！
啊哈哈哈哈哈哈哈哈哈哈哈哈哈哈,2,8,好评,非常好看的电影
蓮生叁拾贰,0,10,好评,啥都不说了，期待姜子牙
香菇青菜包,0,9,好评,"国漫新巅峰，无论技术还是情节。

影片在传统神话故事上做了很大的突破，情节和人物焕然一新！

虽然「我命由我不由天」的主题有点俗套，但讲的够燃够有趣够感动！！"
忆佰诗,1,10,好评,"这也太好看了吧！毫无疑问是我从小到大已来看过的最最优秀的动画片，不亚于心目中的“幽灵公主”。真正的有泪有笑毫无疑问！！这部电影绝对是中国动画电影的一座丰碑，他是一次对封神的挑战，是对我们每个人都无比熟悉的故事的一次改编。在故事上，改造一个人尽皆知的故事远比创新更难，而且还要改得好，改的精彩，更是需要绞尽脑汁的思考和夜以继日的奋斗，我想这也是他在我心中比大圣和大鱼更优秀的地方。
PS:我一个铁石心肠的人，观影过程中，落泪5次！！导演，你不是“人”！"
cLF964014855,0,10,好评,很好看，非常推荐！！！！
etu967787335,0,10,好评,大意了，没有带纸巾，只能用手抹眼泪。
嘿嘿，兄弟。,1,7,购票,其实 我觉得还行吧，可能是因为动漫的原因吧，这个中国的动漫一直以来做的呢，就不是那么入人心啊。嗯，出了一部这样的动漫呢，其实算是拔尖的了吧，现实来说，不算什么动漫崛起，这个说法这个有一点点太重了。
Zhao,2,10,好评,一步经典作品
果er,2,8,好评,挺有意思的可以
祥龍,1,9,好评,3D效果不是很好，影片很棒，有泪点，值得一看
🎀婷🎀,2,10,好评,很好看，期待第二部
思伦,1,10,好评,超好看，推荐看。
A...不忘初心,1,10,好评,特别好，很有内容 ！
zhang…9988…,0,10,好评,电影场面真大……
爱自由的瑾💃🏻,2,10,好评,哪吒的父母是好父母，给了哪吒足够成长的空间，慢慢让他长大，理解父母。
小草春发,1,10,好评,震撼！有内涵！！！
华龙,1,10,好评,国产电影为数不多的大作
丽丽（问价语音，文字一律不回复）,2,10,好评,非常好的国产动画
B_Lik,2,10,好评,好看，特别喜欢小时候的哪吒
机智的刘小鹿,0,10,好评,哪吒的故事是我们90后的青春，无论是小时候看过的哪个版本，都让我们感受到那种母子情深，还有他那如火般的正义感，这个版本的哪吒补全了以往版本很多缺少的东西，比如描写了李靖对儿子那如山般的爱，还有哪吒更强烈的叛逆，更加真实的表现了一个孩子从小被排斥对待的情感反应，故事的最后更有热血漫的桥段展现，“若命运不公，那就和他斗到底”，致敬所有不服命运而奋斗着的人们，可以看的出作者的野心之大，想构筑出一篇新的故事，不同于以往的哪吒，当真国漫之光啊！
杨谨婕了啦,2,10,好评,土拨鼠尖叫！！！也好看了吧！！！放映结束观众全体鼓掌！！！哪吒小爷太值了！！！跟敖丙CP我磕了！！！
陈圈圈,0,10,好评,“申公公，你也在呀？“不好意思我真的笑喷了！
啊哈哈哈哈哈哈哈哈哈哈哈哈哈哈,2,8,好评,非常好看的电影
蓮生叁拾贰,0,10,好评,啥都不说了，期待姜子牙
香菇青菜包,0,9,好评,"国漫新巅峰，无论技术还是情节。

影片在传统神话故事上做了很大的突破，情节和人物焕然一新！

虽然「我命由我不由天」的主题有点俗套，但讲的够燃够有趣够感动！！"
忆佰诗,1,10,好评,"这也太好看了吧！毫无疑问是我从小到大已来看过的最最优秀的动画片，不亚于心目中的“幽灵公主”。真正的有泪有笑毫无疑问！！这部电影绝对是中国动画电影的一座丰碑，他是一次对封神的挑战，是对我们每个人都无比熟悉的故事的一次改编。在故事上，改造一个人尽皆知的故事远比创新更难，而且还要改得好，改的精彩，更是需要绞尽脑汁的思考和夜以继日的奋斗，我想这也是他在我心中比大圣和大鱼更优秀的地方。
PS:我一个铁石心肠的人，观影过程中，落泪5次！！导演，你不是“人”！"
刘颖,1,10,好评,燃！！！支持国产！
伊人丶夜未央,1,5,购票,根本不知道这个高分是怎么上去的
国华,2,10,好评,很棒，孩子很喜欢，结尾很感人！
静静WYJok,0,10,好评,感人感人感人超级感人
无聊,0,10,好评,饺子太棒了，泪点低的哭了几次
天才Miyagi,1,10,好评,好看 啊啊啊啊啊
纳兰容睿,2,10,好评,很好看，尤其最后很感人！
大嘴的歪歪,1,8,好评,确实不错，看出来是用心在做中国的动画，希望能坚持下去，把国产动画电影越做越出色，以后在国际上能有我们的一席之地！期待下一部！
TZw712720156,0,10,好评,最好看的国产动漫👍
弘正教育幼教连锁童昇分园@梁老师,2,8,好评,还不错的一部电影，值得看
子明小友233,1,10,好评,好看，国漫崛起的时刻将要到来，期待第二部！
特福,0,10,好评,非常棒棒哒，好看
tqc647385859,2,10,好评,很好看，炒鸡喜欢，期待下一部
￥YalEZtEA506￥,2,8,好评,还行。。。。。。，，，，
wreckman,1,8,好评,还行吧，感觉剧情见过
机智的刘小鹿,0,10,好评,哪吒的故事是我们90后的青春，无论是小时候看过的哪个版本，都让我们感受到那种母子情深，还有他那如火般的正义感，这个版本的哪吒补全了以往版本很多缺少的东西，比如描写了李靖对儿子那如山般的爱，还有哪吒更强烈的叛逆，更加真实的表现了一个孩子从小被排斥对待的情感反应，故事的最后更有热血漫的桥段展现，“若命运不公，那就和他斗到底”，致敬所有不服命运而奋斗着的人们，可以看的出作者的野心之大，想构筑出一篇新的故事，不同于以往的哪吒，当真国漫之光啊！
杨谨婕了啦,2,10,好评,土拨鼠尖叫！！！也好看了吧！！！放映结束观众全体鼓掌！！！哪吒小爷太值了！！！跟敖丙CP我磕了！！！
陈圈圈,0,10,好评,“申公公，你也在呀？“不好意思我真的笑喷了！
啊哈哈哈哈哈哈哈哈哈哈哈哈哈哈,2,8,好评,非常好看的电影
蓮生叁拾贰,0,10,好评,啥都不说了，期待姜子牙
香菇青菜包,0,9,好评,"国漫新巅峰，无论技术还是情节。

影片在传统神话故事上做了很大的突破，情节和人物焕然一新！

虽然「我命由我不由天」的主题有点俗套，但讲的够燃够有趣够感动！！"
忆佰诗,1,10,好评,"这也太好看了吧！毫无疑问是我从小到大已来看过的最最优秀的动画片，不亚于心目中的“幽灵公主”。真正的有泪有笑毫无疑问！！这部电影绝对是中国动画电影的一座丰碑，他是一次对封神的挑战，是对我们每个人都无比熟悉的故事的一次改编。在故事上，改造一个人尽皆知的故事远比创新更难，而且还要改得好，改的精彩，更是需要绞尽脑汁的思考和夜以继日的奋斗，我想这也是他在我心中比大圣和大鱼更优秀的地方。
PS:我一个铁石心肠的人，观影过程中，落泪5次！！导演，你不是“人”！"
地平线的奇幻漂流,0,10,好评,前一段还真的笑得喘不过来气，到后面眼睛不时地湿润起来，真的是从骨子里的不认命，不信天命，真的就是中国人千百年来的血脉精神，值得一看，不进对孩子有更深的教育作用，真的是适合全部的中国人看
三天心情,2,9,好评,强烈推荐！帅爆了！藕霸和大圣有一拼！中国动画雄起！！！！！！
Jet98,1,9,好评,期待国产的封神宇宙！哪吒小爷本次表现可圈可点，酷，帅，有智商，有担当！希望票房大爆！在哪吒面前，谁也帅不起来！
大白糖兔子,2,10,好评,新颖的人物剧情 孩子大人都爱看
fnH797558728,1,10,好评,"首先电影无可挑剔。
       其次国人素质有待提高，家长不喜欢看动漫要安静的陪孩子，别在电影院里打电话谈生意啊；要教育孩子别做剧透狗，不管刷几遍也要安安心心的看，身边的人不会因为你把下一幕剧透出来就高看你一眼；不要让孩子从头到尾自然自语的解说，连元始天尊和哪吒是什么关系都搞不懂，还做什么解说员。
       最后回归电影，给剧情10分，给特效10分，给彩蛋10分…"
樊波616,1,10,好评,不错，很好看。
jzyiho,1,10,好评,电影很好看，远超预期，笑点也比较密集。国漫崛起！
瞳瞳,2,10,好评,支持国漫的同时 佩服导演神器的脑洞
tBG554024689,0,10,好评,我命由我不由天！
番茄苹果汁,2,9,好评,不虚此行！台风也阻挡不住看哪吒的脚步！
BRYANT790529,1,10,好评,好看，小朋友开心
Y.,2,10,好评,天呐噜超级棒啊啊啊看到我丙刚出场的时候超激动啊啊太帅了叭！！藕饼cp赛高！！哪吒也太痞帅了叭啊啊i辽！！下次有机会还要看一次！！！
蜀中大熊猫,0,10,好评,"迟来的影评。说真的，这部电影给我太大的惊喜！！其实首映之前我没看过任何预告片，还是被闺蜜安利去看的。从大鱼海棠到现在，让我惊讶国产动画电影已经做到如此优秀！！他每个地方，剧本、画面、人物塑造、配音、BGM都让我挑不出毛病。笑点泪点很恰当好处，现代化台词，不仅增加很多笑点，也更好让人理解也更有代入感。
尤其人物的刻画，非常真实饱满，且不同的人都能找到自己的影子。
他的风格，和传达的东西，让我能感受到：对！这就是属于我们的精神和风格。"
哥已躺枪,1,10,好评,好看，精彩！
gJI849528337,2,10,好评,电影很好看 就是电影院的小朋友太吵 希望电影院管理一下
鱼大莹,2,10,好评,国产的动画，很棒，一定要支持。于情于理拍的都很好。
虚久,0,9,好评,"说实话感觉没有那些把这电影吹上天的那么好（感觉！
但并不影响他取得这么多项成就
应得的！"
ZCl993431450,0,5,好评,3D电影，但是看着没有那么好的3D效果
机智的刘小鹿,0,10,好评,哪吒的故事是我们90后的青春，无论是小时候看过的哪个版本，都让我们感受到那种母子情深，还有他那如火般的正义感，这个版本的哪吒补全了以往版本很多缺少的东西，比如描写了李靖对儿子那如山般的爱，还有哪吒更强烈的叛逆，更加真实的表现了一个孩子从小被排斥对待的情感反应，故事的最后更有热血漫的桥段展现，“若命运不公，那就和他斗到底”，致敬所有不服命运而奋斗着的人们，可以看的出作者的野心之大，想构筑出一篇新的故事，不同于以往的哪吒，当真国漫之光啊！
杨谨婕了啦,2,10,好评,土拨鼠尖叫！！！也好看了吧！！！放映结束观众全体鼓掌！！！哪吒小爷太值了！！！跟敖丙CP我磕了！！！
陈圈圈,0,10,好评,“申公公，你也在呀？“不好意思我真的笑喷了！
啊哈哈哈哈哈哈哈哈哈哈哈哈哈哈,2,8,好评,非常好看的电影
蓮生叁拾贰,0,10,好评,啥都不说了，期待姜子牙
香菇青菜包,0,9,好评,"国漫新巅峰，无论技术还是情节。

影片在传统神话故事上做了很大的突破，情节和人物焕然一新！

虽然「我命由我不由天」的主题有点俗套，但讲的够燃够有趣够感动！！"
忆佰诗,1,10,好评,"这也太好看了吧！毫无疑问是我从小到大已来看过的最最优秀的动画片，不亚于心目中的“幽灵公主”。真正的有泪有笑毫无疑问！！这部电影绝对是中国动画电影的一座丰碑，他是一次对封神的挑战，是对我们每个人都无比熟悉的故事的一次改编。在故事上，改造一个人尽皆知的故事远比创新更难，而且还要改得好，改的精彩，更是需要绞尽脑汁的思考和夜以继日的奋斗，我想这也是他在我心中比大圣和大鱼更优秀的地方。
PS:我一个铁石心肠的人，观影过程中，落泪5次！！导演，你不是“人”！"
地平线的奇幻漂流,0,10,好评,前一段还真的笑得喘不过来气，到后面眼睛不时地湿润起来，真的是从骨子里的不认命，不信天命，真的就是中国人千百年来的血脉精神，值得一看，不进对孩子有更深的教育作用，真的是适合全部的中国人看
三天心情,2,9,好评,强烈推荐！帅爆了！藕霸和大圣有一拼！中国动画雄起！！！！！！
ZCl993431450,0,5,好评,3D电影，但是看着没有那么好的3D效果
sandra&jeffery,2,10,好评,非常好看，儿子愿意看，我也愿意看，里面的人物，画得不错，制作也很好，比流浪地球好看
Lekerr,2,10,好评,我震惊到无法说话，国漫强大，丙丙和吒儿，还有好多好多的搞笑和感动的点
寒武纪2004,1,10,好评,国产3d动画里算得上良心之作了
翎羽,2,10,好评,好看好看爱了
💃 紫罗兰  🐬,2,10,好评,搞笑，励志，大人小孩都适合看，完美，不看，人生都不值得
Yufier,0,10,好评,国漫真棒！！
曼曼老娘们,0,10,好评,超级好看，期待第二部。
前世今生，彼岸花,0,10,好评,"后面那个姜子牙是续集吧，我听说要打造一个超级IP，用封神榜系列。
这个故事框架原本就有，而且大家都耳熟能详。"
馍片馍片,2,10,好评,太好看了，完全中了哪吒的毒！
lk,0,10,好评,好看有点东西
南安、,2,10,购票,Nice  
大歪,2,5,好评,不知道为什么这么多人说好看，感觉一般，也许是代沟吧！
觉醒,1,10,好评,非常非常完美
只剩委屈。,0,9,好评,好看，音效也真的特别好，很震撼
机智的刘小鹿,0,10,好评,哪吒的故事是我们90后的青春，无论是小时候看过的哪个版本，都让我们感受到那种母子情深，还有他那如火般的正义感，这个版本的哪吒补全了以往版本很多缺少的东西，比如描写了李靖对儿子那如山般的爱，还有哪吒更强烈的叛逆，更加真实的表现了一个孩子从小被排斥对待的情感反应，故事的最后更有热血漫的桥段展现，“若命运不公，那就和他斗到底”，致敬所有不服命运而奋斗着的人们，可以看的出作者的野心之大，想构筑出一篇新的故事，不同于以往的哪吒，当真国漫之光啊！
杨谨婕了啦,2,10,好评,土拨鼠尖叫！！！也好看了吧！！！放映结束观众全体鼓掌！！！哪吒小爷太值了！！！跟敖丙CP我磕了！！！
陈圈圈,0,10,好评,“申公公，你也在呀？“不好意思我真的笑喷了！
啊哈哈哈哈哈哈哈哈哈哈哈哈哈哈,2,8,好评,非常好看的电影
蓮生叁拾贰,0,10,好评,啥都不说了，期待姜子牙
香菇青菜包,0,9,好评,"国漫新巅峰，无论技术还是情节。

影片在传统神话故事上做了很大的突破，情节和人物焕然一新！

虽然「我命由我不由天」的主题有点俗套，但讲的够燃够有趣够感动！！"
忆佰诗,1,10,好评,"这也太好看了吧！毫无疑问是我从小到大已来看过的最最优秀的动画片，不亚于心目中的“幽灵公主”。真正的有泪有笑毫无疑问！！这部电影绝对是中国动画电影的一座丰碑，他是一次对封神的挑战，是对我们每个人都无比熟悉的故事的一次改编。在故事上，改造一个人尽皆知的故事远比创新更难，而且还要改得好，改的精彩，更是需要绞尽脑汁的思考和夜以继日的奋斗，我想这也是他在我心中比大圣和大鱼更优秀的地方。
PS:我一个铁石心肠的人，观影过程中，落泪5次！！导演，你不是“人”！"
地平线的奇幻漂流,0,10,好评,前一段还真的笑得喘不过来气，到后面眼睛不时地湿润起来，真的是从骨子里的不认命，不信天命，真的就是中国人千百年来的血脉精神，值得一看，不进对孩子有更深的教育作用，真的是适合全部的中国人看
Zz,1,10,好评,好，剧情有点短就是
你诚哥人帅话不多,1,10,好评,可以说颠覆了认知
RLing,2,10,好评,剧情紧凑不拖沓，视觉效果超赞
pBB523415133,2,10,好评,电影真的好看！
岁月神偷的可乐,2,10,好评,好看，值得去看
TSJ363556668,1,10,好评,很棒的作品，国产动画大片崛起。
鼎坤通讯,2,10,好评,不错，水平很高！很好看！哪吒很可爱，剧情也不错！
俪语^_^😘,2,10,好评,很好看，有笑点有泪点，值得推荐
哆咪乌卡卡,0,10,好评,生活你全是泪，没死就得活受罪，越是折腾越倒霉，越有追求越悲催，垂死挣扎你累不累，不如瘫在床上睡。来来回回千百遍，小爷也是很疲倦。 二刷，喜欢
酷帅酷帅的sky,0,10,好评,可能位居票房第三
Adf466468578,2,9,好评,弥补童年！好看，推荐
鹭霄,0,10,好评,好看！！敖丙好帅
杨小娜XN,0,8,好评,内容比较励志，命运掌握在自己手里，而不是靠老天爷，老话说的好：人定胜天。
竣飏,0,9,好评,好看耶耶耶耶
黄子婵,2,10,好评,电影很不错，值得观看，并且感触很深！
机智的刘小鹿,0,10,好评,哪吒的故事是我们90后的青春，无论是小时候看过的哪个版本，都让我们感受到那种母子情深，还有他那如火般的正义感，这个版本的哪吒补全了以往版本很多缺少的东西，比如描写了李靖对儿子那如山般的爱，还有哪吒更强烈的叛逆，更加真实的表现了一个孩子从小被排斥对待的情感反应，故事的最后更有热血漫的桥段展现，“若命运不公，那就和他斗到底”，致敬所有不服命运而奋斗着的人们，可以看的出作者的野心之大，想构筑出一篇新的故事，不同于以往的哪吒，当真国漫之光啊！
杨谨婕了啦,2,10,好评,土拨鼠尖叫！！！也好看了吧！！！放映结束观众全体鼓掌！！！哪吒小爷太值了！！！跟敖丙CP我磕了！！！
陈圈圈,0,10,好评,“申公公，你也在呀？“不好意思我真的笑喷了！
啊哈哈哈哈哈哈哈哈哈哈哈哈哈哈,2,8,好评,非常好看的电影
蓮生叁拾贰,0,10,好评,啥都不说了，期待姜子牙
香菇青菜包,0,9,好评,"国漫新巅峰，无论技术还是情节。

影片在传统神话故事上做了很大的突破，情节和人物焕然一新！

虽然「我命由我不由天」的主题有点俗套，但讲的够燃够有趣够感动！！"
忆佰诗,1,10,好评,"这也太好看了吧！毫无疑问是我从小到大已来看过的最最优秀的动画片，不亚于心目中的“幽灵公主”。真正的有泪有笑毫无疑问！！这部电影绝对是中国动画电影的一座丰碑，他是一次对封神的挑战，是对我们每个人都无比熟悉的故事的一次改编。在故事上，改造一个人尽皆知的故事远比创新更难，而且还要改得好，改的精彩，更是需要绞尽脑汁的思考和夜以继日的奋斗，我想这也是他在我心中比大圣和大鱼更优秀的地方。
PS:我一个铁石心肠的人，观影过程中，落泪5次！！导演，你不是“人”！"
地平线的奇幻漂流,0,10,好评,前一段还真的笑得喘不过来气，到后面眼睛不时地湿润起来，真的是从骨子里的不认命，不信天命，真的就是中国人千百年来的血脉精神，值得一看，不进对孩子有更深的教育作用，真的是适合全部的中国人看
三天心情,2,9,好评,强烈推荐！帅爆了！藕霸和大圣有一拼！中国动画雄起！！！！！！
黄子婵,2,10,好评,电影很不错，值得观看，并且感触很深！
LG,2,8,好评,……很不错了
虎,0,10,好评,中国动漫电影的自信找到了。大国工匠精神复活！民族文化复兴有望！加油！我爱哪吒
狂风的拥抱,2,10,好评,鼓励哈中国动漫电影事业
zhao611533765,2,10,好评,好看，孩子不到四岁没有什么兴趣
半夏微凉,1,10,好评,我这一个动漫迷，必须给我们大泸州赞👍
小飞,0,10,好评,我只能说非常期待下一部
东方晓米,1,10,好评,不好意思，我都看哭了。
..,2,10,好评,  为国片 打call 牛皮
兔子先森,0,10,好评,太棒了！！！！！！
Scr哎,1,10,好评,国漫啊国漫，爱您
老潘早点,0,10,好评,改变了我对国漫的看法，很棒
嘟嘟～影👻,0,4,差评,不知道好评价是怎么来的
sNK879530018,1,10,好评,非常好看啊！
空城CHF,0,9,好评,好看，只是觉得结尾有点怪怪的
机智的刘小鹿,0,10,好评,哪吒的故事是我们90后的青春，无论是小时候看过的哪个版本，都让我们感受到那种母子情深，还有他那如火般的正义感，这个版本的哪吒补全了以往版本很多缺少的东西，比如描写了李靖对儿子那如山般的爱，还有哪吒更强烈的叛逆，更加真实的表现了一个孩子从小被排斥对待的情感反应，故事的最后更有热血漫的桥段展现，“若命运不公，那就和他斗到底”，致敬所有不服命运而奋斗着的人们，可以看的出作者的野心之大，想构筑出一篇新的故事，不同于以往的哪吒，当真国漫之光啊！
杨谨婕了啦,2,10,好评,土拨鼠尖叫！！！也好看了吧！！！放映结束观众全体鼓掌！！！哪吒小爷太值了！！！跟敖丙CP我磕了！！！
陈圈圈,0,10,好评,“申公公，你也在呀？“不好意思我真的笑喷了！
啊哈哈哈哈哈哈哈哈哈哈哈哈哈哈,2,8,好评,非常好看的电影
蓮生叁拾贰,0,10,好评,啥都不说了，期待姜子牙
香菇青菜包,0,9,好评,"国漫新巅峰，无论技术还是情节。

影片在传统神话故事上做了很大的突破，情节和人物焕然一新！

虽然「我命由我不由天」的主题有点俗套，但讲的够燃够有趣够感动！！"
忆佰诗,1,10,好评,"这也太好看了吧！毫无疑问是我从小到大已来看过的最最优秀的动画片，不亚于心目中的“幽灵公主”。真正的有泪有笑毫无疑问！！这部电影绝对是中国动画电影的一座丰碑，他是一次对封神的挑战，是对我们每个人都无比熟悉的故事的一次改编。在故事上，改造一个人尽皆知的故事远比创新更难，而且还要改得好，改的精彩，更是需要绞尽脑汁的思考和夜以继日的奋斗，我想这也是他在我心中比大圣和大鱼更优秀的地方。
PS:我一个铁石心肠的人，观影过程中，落泪5次！！导演，你不是“人”！"
地平线的奇幻漂流,0,10,好评,前一段还真的笑得喘不过来气，到后面眼睛不时地湿润起来，真的是从骨子里的不认命，不信天命，真的就是中国人千百年来的血脉精神，值得一看，不进对孩子有更深的教育作用，真的是适合全部的中国人看
三天心情,2,9,好评,强烈推荐！帅爆了！藕霸和大圣有一拼！中国动画雄起！！！！！！
Jet98,1,9,好评,期待国产的封神宇宙！哪吒小爷本次表现可圈可点，酷，帅，有智商，有担当！希望票房大爆！在哪吒面前，谁也帅不起来！
🌚🌝,1,10,好评,好看好看好看
pKZ563672170,0,10,好评,很好看，饺子导演很棒
蛋蛋圈圈兔兔,2,10,好评,带宝贝一起去的，有欢笑有泪水，适合大家一起观看
刘雨a,2,10,好评,特别好，感动到哭
、小小先生,0,10,好评,可以，稳，6批
早睡早起,2,10,好评,"“我命由我不由天”“是魔是仙我自己说了才算”
真的很棒的一部动画电影，优秀！！！！！！！！！太好看了！！！！！！"
CEW20471817,0,0,好评,儿童是否购全票？
王喵wm,0,10,好评,第一眼开始看就已经有泪了，特别喜欢所有的配音员，还有对于人物的形象塑造以及特效设计，是中国的一部超凡脱俗的作品！“我命由我不由天”。
雨生俱来1974,0,10,好评,非常励志的一部电影，也反应了当代的一些现实
亚亚,1,10,好评,感人感动搞笑，国产动画崛起
大壳腻害哟,1,10,好评,本来应该首映去看的 但是没关系 今天去看了  超级好看  哪吒真的好萌哟 刻画的特别好 一下就吸引了我的眼球 还有超级搞怪 太阔爱了  太乙真人的四川话真的把我笑安逸了  总体来说不愧是国漫之掘起 非常耐看  三刷都是不会辜负观众的 良心好剧  希望以后国漫越来越好  ！好看 ！赞到6起来 😊
淡陌生,1,10,好评,好看好看好看
仙家驾到,0,10,好评,我没有二刷过电影，过两天准备二刷！因为真滴真滴很惊喜
K辛格涅夫,1,10,好评,挺好的，看哭了
海棠,1,10,好评,非常奈斯！！
机智的刘小鹿,0,10,好评,哪吒的故事是我们90后的青春，无论是小时候看过的哪个版本，都让我们感受到那种母子情深，还有他那如火般的正义感，这个版本的哪吒补全了以往版本很多缺少的东西，比如描写了李靖对儿子那如山般的爱，还有哪吒更强烈的叛逆，更加真实的表现了一个孩子从小被排斥对待的情感反应，故事的最后更有热血漫的桥段展现，“若命运不公，那就和他斗到底”，致敬所有不服命运而奋斗着的人们，可以看的出作者的野心之大，想构筑出一篇新的故事，不同于以往的哪吒，当真国漫之光啊！
杨谨婕了啦,2,10,好评,土拨鼠尖叫！！！也好看了吧！！！放映结束观众全体鼓掌！！！哪吒小爷太值了！！！跟敖丙CP我磕了！！！
陈圈圈,0,10,好评,“申公公，你也在呀？“不好意思我真的笑喷了！
啊哈哈哈哈哈哈哈哈哈哈哈哈哈哈,2,8,好评,非常好看的电影
蓮生叁拾贰,0,10,好评,啥都不说了，期待姜子牙
香菇青菜包,0,9,好评,"国漫新巅峰，无论技术还是情节。

影片在传统神话故事上做了很大的突破，情节和人物焕然一新！

虽然「我命由我不由天」的主题有点俗套，但讲的够燃够有趣够感动！！"
忆佰诗,1,10,好评,"这也太好看了吧！毫无疑问是我从小到大已来看过的最最优秀的动画片，不亚于心目中的“幽灵公主”。真正的有泪有笑毫无疑问！！这部电影绝对是中国动画电影的一座丰碑，他是一次对封神的挑战，是对我们每个人都无比熟悉的故事的一次改编。在故事上，改造一个人尽皆知的故事远比创新更难，而且还要改得好，改的精彩，更是需要绞尽脑汁的思考和夜以继日的奋斗，我想这也是他在我心中比大圣和大鱼更优秀的地方。
PS:我一个铁石心肠的人，观影过程中，落泪5次！！导演，你不是“人”！"
地平线的奇幻漂流,0,10,好评,前一段还真的笑得喘不过来气，到后面眼睛不时地湿润起来，真的是从骨子里的不认命，不信天命，真的就是中国人千百年来的血脉精神，值得一看，不进对孩子有更深的教育作用，真的是适合全部的中国人看
海棠,1,10,好评,非常奈斯！！
语种笔童,0,10,好评,第一次带小孩看电影，电影很棒，孩子两个小时都没吵。剧情很感人，画面很棒，期待有下集。
XS不悔,0,10,好评,挺好看的，搞笑，感动！与以前看的不一样，却很吸引人！值得一看！
G.H,1,10,好评,拿抓，哪托，那扎
，18958,1,10,好评,电影不错，就是那个4D喷水的有点不好，整场下来都能洗脸了
sky,1,10,好评,如果你不认命，那就是哪吒的命！😎😎😎
FRb474832678,0,9,好评,比以前小时候看的哪吒要好看
zrb440358412,2,10,好评,不认命就是哪吒的命，影片演的超级好，哪吒出生时虽被夺取了灵珠，使哪吒成为魔丸，整个陈塘关百姓都欺负辱骂侮辱哪吒，哪吒也很伤心，他想得到人们的认可，虽然身为魔丸，但心确是善良的，最后在天雷降临的时候，他救了陈塘关所有百姓，在从小到大的经历中，虽受伤，但从不投降，虽受伤，但从不认命！哪吒奋力和自己的命运做抗争，最终赢得了全陈塘关百姓的爱戴与认可！我命由我不由天，我是谁只有我自己说了算！
旧时光.,2,10,购票,好 就是3D效果不明显
沙与沫沫,2,7,好评,国产精品之作了
营口景田百岁山,1,10,好评,这个哪儿托长得太丑了！
你大爷dai,2,10,好评,好看，从头感动到尾
不一定460,2,10,好评,好看好看好看
佳佳想吃肉,0,10,好评,电影很好看，炒鸡感人，哭唧唧好看！
best.z,1,10,好评,中国动漫的一个里程碑优秀
机智的刘小鹿,0,10,好评,哪吒的故事是我们90后的青春，无论是小时候看过的哪个版本，都让我们感受到那种母子情深，还有他那如火般的正义感，这个版本的哪吒补全了以往版本很多缺少的东西，比如描写了李靖对儿子那如山般的爱，还有哪吒更强烈的叛逆，更加真实的表现了一个孩子从小被排斥对待的情感反应，故事的最后更有热血漫的桥段展现，“若命运不公，那就和他斗到底”，致敬所有不服命运而奋斗着的人们，可以看的出作者的野心之大，想构筑出一篇新的故事，不同于以往的哪吒，当真国漫之光啊！
杨谨婕了啦,2,10,好评,土拨鼠尖叫！！！也好看了吧！！！放映结束观众全体鼓掌！！！哪吒小爷太值了！！！跟敖丙CP我磕了！！！
陈圈圈,0,10,好评,“申公公，你也在呀？“不好意思我真的笑喷了！
啊哈哈哈哈哈哈哈哈哈哈哈哈哈哈,2,8,好评,非常好看的电影
蓮生叁拾贰,0,10,好评,啥都不说了，期待姜子牙
香菇青菜包,0,9,好评,"国漫新巅峰，无论技术还是情节。

影片在传统神话故事上做了很大的突破，情节和人物焕然一新！

虽然「我命由我不由天」的主题有点俗套，但讲的够燃够有趣够感动！！"
忆佰诗,1,10,好评,"这也太好看了吧！毫无疑问是我从小到大已来看过的最最优秀的动画片，不亚于心目中的“幽灵公主”。真正的有泪有笑毫无疑问！！这部电影绝对是中国动画电影的一座丰碑，他是一次对封神的挑战，是对我们每个人都无比熟悉的故事的一次改编。在故事上，改造一个人尽皆知的故事远比创新更难，而且还要改得好，改的精彩，更是需要绞尽脑汁的思考和夜以继日的奋斗，我想这也是他在我心中比大圣和大鱼更优秀的地方。
PS:我一个铁石心肠的人，观影过程中，落泪5次！！导演，你不是“人”！"
地平线的奇幻漂流,0,10,好评,前一段还真的笑得喘不过来气，到后面眼睛不时地湿润起来，真的是从骨子里的不认命，不信天命，真的就是中国人千百年来的血脉精神，值得一看，不进对孩子有更深的教育作用，真的是适合全部的中国人看
恃宠而骄卍,0,10,好评,超级好看，最后他们一起抗天劫的简直了 超棒!
ZkW349611156,1,10,好评,全程很欢乐，最后有一点小感动。。
张花开741,0,10,好评,好评(o^^o)
欢欢,2,10,好评,很感人，同时动漫形象很搞笑
kFM414865778,0,10,好评,很搞笑，幽默，感动，很好看
幸～运～星,2,10,好评,跟孩子一起看的，孩子很喜欢，特效漂亮，故事也挺感人，希望国产动画越来越好
婷,2,10,好评,非常好看!大人小孩都喜欢
Sy茶伊,0,9,好评,半星扣给吵闹的孩子和大人
不疯狂枉青春,1,10,好评,非常好看，有笑点有撼点有泪点，国漫加油！！！
舒雨,2,9,差评,不认命就是哪咤的命  最后的主题曲 今后我与自己流浪 其实人生莫过于此
zIZ793462732,0,4,购票,票房凭什么能超过药神？
王殿升,0,7,好评,影视效果不错，主题意义不清。
陈常欣妍,2,10,好评,挺不错的，儿子很喜欢看
觉知,0,10,好评,不知道会泪流满面！道理与成长并存！国产动画可以与世界水平一绝高低了！支持国产！中国万岁！
时光间隙,1,10,好评,小声bb：一点都不好看，哎呀！手滑了，不小心打了个十分😝 
机智的刘小鹿,0,10,好评,哪吒的故事是我们90后的青春，无论是小时候看过的哪个版本，都让我们感受到那种母子情深，还有他那如火般的正义感，这个版本的哪吒补全了以往版本很多缺少的东西，比如描写了李靖对儿子那如山般的爱，还有哪吒更强烈的叛逆，更加真实的表现了一个孩子从小被排斥对待的情感反应，故事的最后更有热血漫的桥段展现，“若命运不公，那就和他斗到底”，致敬所有不服命运而奋斗着的人们，可以看的出作者的野心之大，想构筑出一篇新的故事，不同于以往的哪吒，当真国漫之光啊！
杨谨婕了啦,2,10,好评,土拨鼠尖叫！！！也好看了吧！！！放映结束观众全体鼓掌！！！哪吒小爷太值了！！！跟敖丙CP我磕了！！！
陈圈圈,0,10,好评,“申公公，你也在呀？“不好意思我真的笑喷了！
啊哈哈哈哈哈哈哈哈哈哈哈哈哈哈,2,8,好评,非常好看的电影
蓮生叁拾贰,0,10,好评,啥都不说了，期待姜子牙
香菇青菜包,0,9,好评,"国漫新巅峰，无论技术还是情节。

影片在传统神话故事上做了很大的突破，情节和人物焕然一新！

虽然「我命由我不由天」的主题有点俗套，但讲的够燃够有趣够感动！！"
忆佰诗,1,10,好评,"这也太好看了吧！毫无疑问是我从小到大已来看过的最最优秀的动画片，不亚于心目中的“幽灵公主”。真正的有泪有笑毫无疑问！！这部电影绝对是中国动画电影的一座丰碑，他是一次对封神的挑战，是对我们每个人都无比熟悉的故事的一次改编。在故事上，改造一个人尽皆知的故事远比创新更难，而且还要改得好，改的精彩，更是需要绞尽脑汁的思考和夜以继日的奋斗，我想这也是他在我心中比大圣和大鱼更优秀的地方。
PS:我一个铁石心肠的人，观影过程中，落泪5次！！导演，你不是“人”！"
地平线的奇幻漂流,0,10,好评,前一段还真的笑得喘不过来气，到后面眼睛不时地湿润起来，真的是从骨子里的不认命，不信天命，真的就是中国人千百年来的血脉精神，值得一看，不进对孩子有更深的教育作用，真的是适合全部的中国人看
三天心情,2,9,好评,强烈推荐！帅爆了！藕霸和大圣有一拼！中国动画雄起！！！！！！
玉树临风de聪,0,10,好评,我觉得真心不错，对得起这个票房，一点不输迪斯尼！！！
Meng6286133,1,9,好评,佛嗯嗯恩恩怨怨
Baymaxe,0,10,好评,一般般还可以
The Vampire,0,10,好评,真的为国产动漫打call！尤其是哪咤的性格特征拿捏的特别好，太乙真人也很好玩。期待姜子牙
吕国钰,0,10,好评,还咋说，喜欢😏
雪原狼（李毅）,1,10,好评,我命由我不由天！！！第一次带老爸看电影，真值，以后多带他去看！！
程学梁,0,10,好评,很好的动漫，值得观看。
April三月,2,10,好评,超级好看 国产之光 已二刷
我是大额头,0,1,好评,国漫只能靠拉人气了，也不知国人脑子咋了非要捧动漫
lyy20100720,2,10,好评,特好！完美！Good！
丽子,2,10,好评,很不错，虽然票价有点贵，值得带孩子去看。
la278702469,2,10,好评,自从当妈以后，看这个电影就更加感触了，我只想告诉身边的朋友，电影真的很好看，非常期待第二部
李花,2,10,好评,一定要看，抖音看过导演饺子的介绍，非常了不起的草根导演。漫画人物业都特别可爱，内容有些可能不适合小朋友，但还是适合大朋友们。特别激励现代的年轻人
美颜馆任菲儿：18383811942😄,2,10,好评,很好看，不要错过哦
bonson_,0,10,好评,哪吒哪吒哪吒哪吒敖丙敖丙敖丙敖丙好帅 真的好帅！！
机智的刘小鹿,0,10,好评,哪吒的故事是我们90后的青春，无论是小时候看过的哪个版本，都让我们感受到那种母子情深，还有他那如火般的正义感，这个版本的哪吒补全了以往版本很多缺少的东西，比如描写了李靖对儿子那如山般的爱，还有哪吒更强烈的叛逆，更加真实的表现了一个孩子从小被排斥对待的情感反应，故事的最后更有热血漫的桥段展现，“若命运不公，那就和他斗到底”，致敬所有不服命运而奋斗着的人们，可以看的出作者的野心之大，想构筑出一篇新的故事，不同于以往的哪吒，当真国漫之光啊！
杨谨婕了啦,2,10,好评,土拨鼠尖叫！！！也好看了吧！！！放映结束观众全体鼓掌！！！哪吒小爷太值了！！！跟敖丙CP我磕了！！！
陈圈圈,0,10,好评,“申公公，你也在呀？“不好意思我真的笑喷了！
啊哈哈哈哈哈哈哈哈哈哈哈哈哈哈,2,8,好评,非常好看的电影
蓮生叁拾贰,0,10,好评,啥都不说了，期待姜子牙
香菇青菜包,0,9,好评,"国漫新巅峰，无论技术还是情节。

影片在传统神话故事上做了很大的突破，情节和人物焕然一新！

虽然「我命由我不由天」的主题有点俗套，但讲的够燃够有趣够感动！！"
忆佰诗,1,10,好评,"这也太好看了吧！毫无疑问是我从小到大已来看过的最最优秀的动画片，不亚于心目中的“幽灵公主”。真正的有泪有笑毫无疑问！！这部电影绝对是中国动画电影的一座丰碑，他是一次对封神的挑战，是对我们每个人都无比熟悉的故事的一次改编。在故事上，改造一个人尽皆知的故事远比创新更难，而且还要改得好，改的精彩，更是需要绞尽脑汁的思考和夜以继日的奋斗，我想这也是他在我心中比大圣和大鱼更优秀的地方。
PS:我一个铁石心肠的人，观影过程中，落泪5次！！导演，你不是“人”！"
地平线的奇幻漂流,0,10,好评,前一段还真的笑得喘不过来气，到后面眼睛不时地湿润起来，真的是从骨子里的不认命，不信天命，真的就是中国人千百年来的血脉精神，值得一看，不进对孩子有更深的教育作用，真的是适合全部的中国人看
bonson_,0,10,好评,哪吒哪吒哪吒哪吒敖丙敖丙敖丙敖丙好帅 真的好帅！！
一如繁花盛开0,2,9,好评,国漫崛起之作，一定会更好！ 给0.5分进步空间
奔奔体验中心,1,10,好评,挺好看的电影
二木me,0,10,好评,超级超级超级好看
闪闪发光的谦谦,0,10,好评,灰常好！大赞！！！
ping.j.moke,1,10,好评,非常好看，人只要做自己，不要在意别人的看法，我命由我不由天，是魔是仙自己说了算
Chim鸡米尼,2,10,好评,太感动了真的，看完有了很大的启发，我想我知道该怎么做了
岁月静好,2,10,好评,哪吒太帅了，还有如果他不是龙族也很帅
Sally悠,2,10,好评,有煽情，有特效，有故事。好，很好，特别好！
BSN555047035,0,10,好评,重回当初看战狼的震撼，强烈呼吁大家去电影院看电影，视觉视听盛宴，支持好的国产片，人物性格及配音堪称完美！真的很棒！
闪闪小钻石,0,10,好评,不愧是国漫之光，超级无敌好看，我词穷，只能不停的夸，好看……完美……特效超级厉害，有笑点有泪点，一部影片，浑然天成，挑不出一点毛病👍👍👍
桃桃麻妈,2,10,好评,视觉盛宴，内容搞笑又戳中泪点
多吃丶肉肉,0,8,好评,还可以，比较喜欢
南秋方,2,10,好评,良心作品，非常震撼
魔兽首映大赞,2,10,好评,真是特别好看，情节，人物形象都设计很好！！
机智的刘小鹿,0,10,好评,哪吒的故事是我们90后的青春，无论是小时候看过的哪个版本，都让我们感受到那种母子情深，还有他那如火般的正义感，这个版本的哪吒补全了以往版本很多缺少的东西，比如描写了李靖对儿子那如山般的爱，还有哪吒更强烈的叛逆，更加真实的表现了一个孩子从小被排斥对待的情感反应，故事的最后更有热血漫的桥段展现，“若命运不公，那就和他斗到底”，致敬所有不服命运而奋斗着的人们，可以看的出作者的野心之大，想构筑出一篇新的故事，不同于以往的哪吒，当真国漫之光啊！
杨谨婕了啦,2,10,好评,土拨鼠尖叫！！！也好看了吧！！！放映结束观众全体鼓掌！！！哪吒小爷太值了！！！跟敖丙CP我磕了！！！
陈圈圈,0,10,好评,“申公公，你也在呀？“不好意思我真的笑喷了！
啊哈哈哈哈哈哈哈哈哈哈哈哈哈哈,2,8,好评,非常好看的电影
蓮生叁拾贰,0,10,好评,啥都不说了，期待姜子牙
香菇青菜包,0,9,好评,"国漫新巅峰，无论技术还是情节。

影片在传统神话故事上做了很大的突破，情节和人物焕然一新！

虽然「我命由我不由天」的主题有点俗套，但讲的够燃够有趣够感动！！"
忆佰诗,1,10,好评,"这也太好看了吧！毫无疑问是我从小到大已来看过的最最优秀的动画片，不亚于心目中的“幽灵公主”。真正的有泪有笑毫无疑问！！这部电影绝对是中国动画电影的一座丰碑，他是一次对封神的挑战，是对我们每个人都无比熟悉的故事的一次改编。在故事上，改造一个人尽皆知的故事远比创新更难，而且还要改得好，改的精彩，更是需要绞尽脑汁的思考和夜以继日的奋斗，我想这也是他在我心中比大圣和大鱼更优秀的地方。
PS:我一个铁石心肠的人，观影过程中，落泪5次！！导演，你不是“人”！"
地平线的奇幻漂流,0,10,好评,前一段还真的笑得喘不过来气，到后面眼睛不时地湿润起来，真的是从骨子里的不认命，不信天命，真的就是中国人千百年来的血脉精神，值得一看，不进对孩子有更深的教育作用，真的是适合全部的中国人看
嘿哈,0,10,好评,好看好看，建议你们去看，搞笑有意思
没YA的鲨,0,10,好评,不错，值得一看
BH,2,10,好评,好看好看推荐
嘟嘟蛋,1,10,好评,拉满，这对cp我磕了
咖啡时光,2,9,好评,真的很好看，尤其一喜欢后半部分。可能因为自己的笑点不在线，前面部分的笑点不觉得可笑，同场的观众有笑的，听着有些像隔靴搔痒。
IKUN～KUN～,0,10,购票,好看到炸掉！！！
七七啊七啊,0,6,好评,一般吧我不想看太多的感情
💄造型師 yang,2,10,好评,真的好看，很好看
戚鹿,2,10,好评,不看后悔  
抱抱你1314,0,9,好评,非常好看，值得一看
陌路安雅人,1,10,好评,演的很好 真的不错 很好看
🍉小周周,2,10,好评,还不错哟很多点都触动到了
狂人习作🇨🇳🇨🇳🇨🇳,1,10,好评,确实好戏，期待续集
你亲亲我叭,0,10,好评,好看，，，超好看，，，国漫崛起，，，
喵小妖💅,2,10,好评,每一帧都很美
机智的刘小鹿,0,10,好评,哪吒的故事是我们90后的青春，无论是小时候看过的哪个版本，都让我们感受到那种母子情深，还有他那如火般的正义感，这个版本的哪吒补全了以往版本很多缺少的东西，比如描写了李靖对儿子那如山般的爱，还有哪吒更强烈的叛逆，更加真实的表现了一个孩子从小被排斥对待的情感反应，故事的最后更有热血漫的桥段展现，“若命运不公，那就和他斗到底”，致敬所有不服命运而奋斗着的人们，可以看的出作者的野心之大，想构筑出一篇新的故事，不同于以往的哪吒，当真国漫之光啊！
杨谨婕了啦,2,10,好评,土拨鼠尖叫！！！也好看了吧！！！放映结束观众全体鼓掌！！！哪吒小爷太值了！！！跟敖丙CP我磕了！！！
陈圈圈,0,10,好评,“申公公，你也在呀？“不好意思我真的笑喷了！
啊哈哈哈哈哈哈哈哈哈哈哈哈哈哈,2,8,好评,非常好看的电影
蓮生叁拾贰,0,10,好评,啥都不说了，期待姜子牙
香菇青菜包,0,9,好评,"国漫新巅峰，无论技术还是情节。

影片在传统神话故事上做了很大的突破，情节和人物焕然一新！

虽然「我命由我不由天」的主题有点俗套，但讲的够燃够有趣够感动！！"
忆佰诗,1,10,好评,"这也太好看了吧！毫无疑问是我从小到大已来看过的最最优秀的动画片，不亚于心目中的“幽灵公主”。真正的有泪有笑毫无疑问！！这部电影绝对是中国动画电影的一座丰碑，他是一次对封神的挑战，是对我们每个人都无比熟悉的故事的一次改编。在故事上，改造一个人尽皆知的故事远比创新更难，而且还要改得好，改的精彩，更是需要绞尽脑汁的思考和夜以继日的奋斗，我想这也是他在我心中比大圣和大鱼更优秀的地方。
PS:我一个铁石心肠的人，观影过程中，落泪5次！！导演，你不是“人”！"
小朋友的亚子,1,10,好评,我宁愿用上海堡垒的钱来三刷哪吒
summer wine映映,2,10,好评,动画设计完美，人物性格结合了美国的风趣幽默加入更多的中国元素及武术，哪吒性格坚韧，孩子学会了：“做人不应该听天由命！”是一部值得观看的电影！
金鱼的尾巴,2,9,好评,本以为很一般的，没想到非常感人，很好看。值得一看的片子
Tmaczheng,0,10,好评,来到上海，看了哪吒！搞笑不失温情！看着哪吒暴走少年模样真的很震撼！很好的一部电影！
总是幸福的小豌豆 ,0,10,好评,好看好看好看
🍍,2,10,好评,觉得哪吒最后的时候超级帅 敖丙的声音超好听啊啊啊 哪吒是作诗达人吗哈哈哈哈哈
MDR454756647,0,10,好评,敲好看呐敲级棒！
冷心暖男,1,10,好评,不错，挺好看的
娢子,2,10,好评,非常的好看。
Blc7426808,2,10,好评,国产动漫的未来
junkaiy,0,10,好评,电影效果真好感觉也不错
李中舟,1,10,好评,非常满意的动画片
LJ,1,9,好评,"哪吒，很感动
看哭了"
小平901,1,10,好评,挺好的，国漫雄起，继西游记大圣归来后的又一佳作
吃不完兜着～,1,10,好评,要么挣脱宿命，要么被宿命毁灭
机智的刘小鹿,0,10,好评,哪吒的故事是我们90后的青春，无论是小时候看过的哪个版本，都让我们感受到那种母子情深，还有他那如火般的正义感，这个版本的哪吒补全了以往版本很多缺少的东西，比如描写了李靖对儿子那如山般的爱，还有哪吒更强烈的叛逆，更加真实的表现了一个孩子从小被排斥对待的情感反应，故事的最后更有热血漫的桥段展现，“若命运不公，那就和他斗到底”，致敬所有不服命运而奋斗着的人们，可以看的出作者的野心之大，想构筑出一篇新的故事，不同于以往的哪吒，当真国漫之光啊！
杨谨婕了啦,2,10,好评,土拨鼠尖叫！！！也好看了吧！！！放映结束观众全体鼓掌！！！哪吒小爷太值了！！！跟敖丙CP我磕了！！！
陈圈圈,0,10,好评,“申公公，你也在呀？“不好意思我真的笑喷了！
啊哈哈哈哈哈哈哈哈哈哈哈哈哈哈,2,8,好评,非常好看的电影
蓮生叁拾贰,0,10,好评,啥都不说了，期待姜子牙
香菇青菜包,0,9,好评,"国漫新巅峰，无论技术还是情节。

影片在传统神话故事上做了很大的突破，情节和人物焕然一新！

虽然「我命由我不由天」的主题有点俗套，但讲的够燃够有趣够感动！！"
忆佰诗,1,10,好评,"这也太好看了吧！毫无疑问是我从小到大已来看过的最最优秀的动画片，不亚于心目中的“幽灵公主”。真正的有泪有笑毫无疑问！！这部电影绝对是中国动画电影的一座丰碑，他是一次对封神的挑战，是对我们每个人都无比熟悉的故事的一次改编。在故事上，改造一个人尽皆知的故事远比创新更难，而且还要改得好，改的精彩，更是需要绞尽脑汁的思考和夜以继日的奋斗，我想这也是他在我心中比大圣和大鱼更优秀的地方。
PS:我一个铁石心肠的人，观影过程中，落泪5次！！导演，你不是“人”！"
地平线的奇幻漂流,0,10,好评,前一段还真的笑得喘不过来气，到后面眼睛不时地湿润起来，真的是从骨子里的不认命，不信天命，真的就是中国人千百年来的血脉精神，值得一看，不进对孩子有更深的教育作用，真的是适合全部的中国人看
吃不完兜着～,1,10,好评,要么挣脱宿命，要么被宿命毁灭
chygxy,1,8,好评,点映的时候就去看了《哪吒》，作为一名中国影迷看到国漫的崛起着实开心！不过客观来说的确还有很多进步的空间，作为影迷我们还得理性去评价，至于目前已经三十多亿的票房我觉得有些不至于吧……不过还是期待国漫越来越优秀吧！仅是个人观点，不喜勿喷，谢谢。[太阳]
LYP26888,2,10,好评,画面精美，很好看，精彩！
周周,2,10,好评,很期待下一部，希望可以出一个系列
tatibana凛,0,9,好评,觉得电影里最大的反派就是那所谓大义
施瓦辛格,1,7,购票,有点仓促，像断了一节似的
xiao锋,1,10,好评,非常不错，值得看
水果糖心,2,9,好评,是个不太一样的哪吒的故事，但精髓都保留了我。情节挺紧凑，效果做的也比较好。有搞笑有亲情，整体还是挺好看的电影。
山鬼,2,10,好评,餅渣鎖了鎖了鎖了，鑰匙我扔了
邵学,0,10,好评,好看好看好看
dun881093093,2,10,好评,好看，，，，，
寒关冷月,1,10,好评,很好看，五星好评，赞一个
thepower,1,10,好评,莫非也要弄个电影宇宙？😁
PeterFloyd,1,10,好评,不愧为30亿
、_S。,1,10,好评,好看，搞笑，强烈推荐
机智的刘小鹿,0,10,好评,哪吒的故事是我们90后的青春，无论是小时候看过的哪个版本，都让我们感受到那种母子情深，还有他那如火般的正义感，这个版本的哪吒补全了以往版本很多缺少的东西，比如描写了李靖对儿子那如山般的爱，还有哪吒更强烈的叛逆，更加真实的表现了一个孩子从小被排斥对待的情感反应，故事的最后更有热血漫的桥段展现，“若命运不公，那就和他斗到底”，致敬所有不服命运而奋斗着的人们，可以看的出作者的野心之大，想构筑出一篇新的故事，不同于以往的哪吒，当真国漫之光啊！
杨谨婕了啦,2,10,好评,土拨鼠尖叫！！！也好看了吧！！！放映结束观众全体鼓掌！！！哪吒小爷太值了！！！跟敖丙CP我磕了！！！
陈圈圈,0,10,好评,“申公公，你也在呀？“不好意思我真的笑喷了！
啊哈哈哈哈哈哈哈哈哈哈哈哈哈哈,2,8,好评,非常好看的电影
蓮生叁拾贰,0,10,好评,啥都不说了，期待姜子牙
香菇青菜包,0,9,好评,"国漫新巅峰，无论技术还是情节。

影片在传统神话故事上做了很大的突破，情节和人物焕然一新！

虽然「我命由我不由天」的主题有点俗套，但讲的够燃够有趣够感动！！"
忆佰诗,1,10,好评,"这也太好看了吧！毫无疑问是我从小到大已来看过的最最优秀的动画片，不亚于心目中的“幽灵公主”。真正的有泪有笑毫无疑问！！这部电影绝对是中国动画电影的一座丰碑，他是一次对封神的挑战，是对我们每个人都无比熟悉的故事的一次改编。在故事上，改造一个人尽皆知的故事远比创新更难，而且还要改得好，改的精彩，更是需要绞尽脑汁的思考和夜以继日的奋斗，我想这也是他在我心中比大圣和大鱼更优秀的地方。
PS:我一个铁石心肠的人，观影过程中，落泪5次！！导演，你不是“人”！"
地平线的奇幻漂流,0,10,好评,前一段还真的笑得喘不过来气，到后面眼睛不时地湿润起来，真的是从骨子里的不认命，不信天命，真的就是中国人千百年来的血脉精神，值得一看，不进对孩子有更深的教育作用，真的是适合全部的中国人看
三天心情,2,9,好评,强烈推荐！帅爆了！藕霸和大圣有一拼！中国动画雄起！！！！！！
东洋457,1,10,好评,国产扛鼎之作，666
M北柚,2,10,好评,前面比较搞笑，后面比较感人，特别励志的一部电影
_qq87m1372332559,2,8,好评,剧情写的还行，台词比较有力，整体感觉还不错，支持国产
徐玉姣191,2,10,好评,和孩子一起去看的，到也挺好看的
A.JiaLin,0,10,好评,真的笑中带泪
mm23232317,1,10,好评,自从大圣过后虽然也有几部还不错的动漫电影，但是这步从剧情特效画风上都非常棒，剧情不拖拉有内容老少皆宜，就是有些笑点太小的孩子应该看不懂，应该说这是一部适合大孩子看的电影
🍃ζ叮当🍂,2,10,好评,我命由我不由天，是人是魔我说了算
Xiy365110413,0,10,好评,这电影院卫生 及其差，
木易青岚,0,8,好评,综合八分  没什么可说的
村菇。,0,10,好评,片尾3个彩蛋 哪咤敖丙我都要 看完以后走路带风 嗝儿 莫得逻辑因为我还在兴奋 
承诺,1,10,好评,这么走心的哪吒，活该你赚几十个亿！
无谓_,2,10,好评,哪吒好帅，后半截差点看哭，有个爱护他的父母，还有一个搞笑的师傅，最最最最重要的是有个唯一的朋友，敖丙，感觉基情满满的😂 😂 ，不过真的好帅
雨文有個小夢想,1,10,好评,非常赞，哪吒给力是语言有很多，例如：我命由我不由天，但是导演制作时间比较长，时间虽然长，但是电影非常好看啦，嘻嘻，希望导游在制作第二部的时候，时间不要那么长啦，制作一个哪吒魔童降世就已经花了五年的时间啦，第二部是不是也要花五年时间🙃
Y～文乐,1,10,好评,什么鬼东西，眼泪都出来了
天天就是天天99,0,10,好评,不错哦，好看
机智的刘小鹿,0,10,好评,哪吒的故事是我们90后的青春，无论是小时候看过的哪个版本，都让我们感受到那种母子情深，还有他那如火般的正义感，这个版本的哪吒补全了以往版本很多缺少的东西，比如描写了李靖对儿子那如山般的爱，还有哪吒更强烈的叛逆，更加真实的表现了一个孩子从小被排斥对待的情感反应，故事的最后更有热血漫的桥段展现，“若命运不公，那就和他斗到底”，致敬所有不服命运而奋斗着的人们，可以看的出作者的野心之大，想构筑出一篇新的故事，不同于以往的哪吒，当真国漫之光啊！
杨谨婕了啦,2,10,好评,土拨鼠尖叫！！！也好看了吧！！！放映结束观众全体鼓掌！！！哪吒小爷太值了！！！跟敖丙CP我磕了！！！
陈圈圈,0,10,好评,“申公公，你也在呀？“不好意思我真的笑喷了！
啊哈哈哈哈哈哈哈哈哈哈哈哈哈哈,2,8,好评,非常好看的电影
蓮生叁拾贰,0,10,好评,啥都不说了，期待姜子牙
ygr1999,0,10,好评,非常好看，还想在看，真的太好看了，都看不腻。
Wqr164746533,0,9,好评,好看…………
rTc620810236自在,2,10,好评,孩子很喜欢看
🐠旳記憶,1,6,购票,3D效果不怎么样，剧情也没预告的那么好
skov.,2,10,好评,好看好看好(✪▽✪)
👑   Princess诗诗,2,10,好评,很棒的片子，超nice
明朗的天空,1,9,好评,"主旨立意给国产动画片打开新的层次，值得表扬的地方就不多说了～
一个小bug：中间哪吒发现父爱如山回到李府身上是没有平安包的，
但是之后又出现了绿色的平安符(；´Д`A
"
is妞,2,10,好评,国漫不错了，很棒
来自尼泊尔的星星,2,10,好评,超级好看！国漫正在崛起！
卫斯理9999,1,9,好评,最爱的一句哪吒台词：别人认为你是什么并不重要，你是什么只有你自己说了算。。
vyr206753110,0,10,好评,奈斯，灰常棒
魔王0324,0,10,好评,国产动漫真的在进步，我们也应该更多的去支持，等待更对优秀的作品
XwX561177845,2,8,好评,蜘蛛侠唉😔
ღ  素雪,2,10,好评,跟孩子一起看的，非常满意。动画效果很好，如果有2D版就好了，感觉小孩子看会有点费眼睛。影音效果都非常震撼。大片里有人情有温暖。总之非常赞
ruthfj,0,10,好评,非常棒的中国动画片！很喜剧，但是看着看着就哭了！感动！画面感很强，3D效果很棒！看完后感触很深，回味无穷，期待整个续集！
机智的刘小鹿,0,10,好评,哪吒的故事是我们90后的青春，无论是小时候看过的哪个版本，都让我们感受到那种母子情深，还有他那如火般的正义感，这个版本的哪吒补全了以往版本很多缺少的东西，比如描写了李靖对儿子那如山般的爱，还有哪吒更强烈的叛逆，更加真实的表现了一个孩子从小被排斥对待的情感反应，故事的最后更有热血漫的桥段展现，“若命运不公，那就和他斗到底”，致敬所有不服命运而奋斗着的人们，可以看的出作者的野心之大，想构筑出一篇新的故事，不同于以往的哪吒，当真国漫之光啊！
杨谨婕了啦,2,10,好评,土拨鼠尖叫！！！也好看了吧！！！放映结束观众全体鼓掌！！！哪吒小爷太值了！！！跟敖丙CP我磕了！！！
陈圈圈,0,10,好评,“申公公，你也在呀？“不好意思我真的笑喷了！
啊哈哈哈哈哈哈哈哈哈哈哈哈哈哈,2,8,好评,非常好看的电影
蓮生叁拾贰,0,10,好评,啥都不说了，期待姜子牙
香菇青菜包,0,9,好评,"国漫新巅峰，无论技术还是情节。

影片在传统神话故事上做了很大的突破，情节和人物焕然一新！

虽然「我命由我不由天」的主题有点俗套，但讲的够燃够有趣够感动！！"
忆佰诗,1,10,好评,"这也太好看了吧！毫无疑问是我从小到大已来看过的最最优秀的动画片，不亚于心目中的“幽灵公主”。真正的有泪有笑毫无疑问！！这部电影绝对是中国动画电影的一座丰碑，他是一次对封神的挑战，是对我们每个人都无比熟悉的故事的一次改编。在故事上，改造一个人尽皆知的故事远比创新更难，而且还要改得好，改的精彩，更是需要绞尽脑汁的思考和夜以继日的奋斗，我想这也是他在我心中比大圣和大鱼更优秀的地方。
PS:我一个铁石心肠的人，观影过程中，落泪5次！！导演，你不是“人”！"
地平线的奇幻漂流,0,10,好评,前一段还真的笑得喘不过来气，到后面眼睛不时地湿润起来，真的是从骨子里的不认命，不信天命，真的就是中国人千百年来的血脉精神，值得一看，不进对孩子有更深的教育作用，真的是适合全部的中国人看
鲸落,1,9,好评,不认命，自己拼
明樱,0,10,好评,好看，很推荐
A小成,0,10,好评,带上孩子看真的不错，笑点非常多，是不错的电影
默默,0,9,好评,好看，改编得很好，爸妈永远爱孩子，是妖是魔自己说了算。龙族的命运
少女贩卖机,2,10,好评,"我命由我不由天，心疼哪吒♡
小时候，哪吒是那个最勇敢的少年。
长大后，他依然是我们心中的英雄。
爱哪吒♡♡♡♡"
爱如樱冖o冖,2,10,好评,好看 喜欢哪吒也喜欢敖丙😃
柠檬190206,2,10,好评,还不错，挺好看的！
JING,1,10,好评,还可以。。。
娴,2,10,好评,我命由我不由天，满分
戎云龙,0,10,好评,个人感觉非常棒，国产片果然没辜负众望
池,0,10,好评,赞！期待中国动漫的崛起！
瑶,2,10,差评,很棒的视觉效果，喜欢吒儿的精神
leW746870229,0,2,好评,观影太差了，放电影的机器还坏了，重启半天，还没看完呢，下一场的人都进来了，里面冻得要死，回家都拉稀了。千万别为了便宜几块钱去，后老悔了。
xia悠然神往,2,10,好评,很久没有看到这么好看的影片了，强烈推荐
蒙蒙真好看呀,2,10,好评,这一年看过最好看的影片竟然是动画片！真的超！好！看！！！国漫威武！
机智的刘小鹿,0,10,好评,哪吒的故事是我们90后的青春，无论是小时候看过的哪个版本，都让我们感受到那种母子情深，还有他那如火般的正义感，这个版本的哪吒补全了以往版本很多缺少的东西，比如描写了李靖对儿子那如山般的爱，还有哪吒更强烈的叛逆，更加真实的表现了一个孩子从小被排斥对待的情感反应，故事的最后更有热血漫的桥段展现，“若命运不公，那就和他斗到底”，致敬所有不服命运而奋斗着的人们，可以看的出作者的野心之大，想构筑出一篇新的故事，不同于以往的哪吒，当真国漫之光啊！
杨谨婕了啦,2,10,好评,土拨鼠尖叫！！！也好看了吧！！！放映结束观众全体鼓掌！！！哪吒小爷太值了！！！跟敖丙CP我磕了！！！
陈圈圈,0,10,好评,“申公公，你也在呀？“不好意思我真的笑喷了！
啊哈哈哈哈哈哈哈哈哈哈哈哈哈哈,2,8,好评,非常好看的电影
蓮生叁拾贰,0,10,好评,啥都不说了，期待姜子牙
香菇青菜包,0,9,好评,"国漫新巅峰，无论技术还是情节。

影片在传统神话故事上做了很大的突破，情节和人物焕然一新！

虽然「我命由我不由天」的主题有点俗套，但讲的够燃够有趣够感动！！"
忆佰诗,1,10,好评,"这也太好看了吧！毫无疑问是我从小到大已来看过的最最优秀的动画片，不亚于心目中的“幽灵公主”。真正的有泪有笑毫无疑问！！这部电影绝对是中国动画电影的一座丰碑，他是一次对封神的挑战，是对我们每个人都无比熟悉的故事的一次改编。在故事上，改造一个人尽皆知的故事远比创新更难，而且还要改得好，改的精彩，更是需要绞尽脑汁的思考和夜以继日的奋斗，我想这也是他在我心中比大圣和大鱼更优秀的地方。
PS:我一个铁石心肠的人，观影过程中，落泪5次！！导演，你不是“人”！"
地平线的奇幻漂流,0,10,好评,前一段还真的笑得喘不过来气，到后面眼睛不时地湿润起来，真的是从骨子里的不认命，不信天命，真的就是中国人千百年来的血脉精神，值得一看，不进对孩子有更深的教育作用，真的是适合全部的中国人看
三天心情,2,9,好评,强烈推荐！帅爆了！藕霸和大圣有一拼！中国动画雄起！！！！！！
妄,0,6,购票,开头太拖后面太假，中间还行
AKA言言,1,10,好评,太好看了 中国的动画又提高了！！看哭了都
FrM461635421,1,10,好评,不好看，说实fa
CuA469463161,2,10,好评,特别好看，很喜欢的电影，人物性格很讨人喜欢，继续加油
罗某某,1,10,好评,整部影片给人的感受是非常震撼的，看了一次都感觉不够，让我忍不住想要二刷，而这第二次看了之后，更加注重观看人物、细节、情节、特效等等，虽然没有第一次感情那么深厚（因为看过一次知道了剧情嘛），但我还是觉得这部影片所带来了的视觉冲突非常强烈。
despair.,2,10,好评,真的好看 好极了
木易NN,2,10,好评,完美，国漫崛起了！非常好看，值得看
瑾,2,10,好评,超级的好看！
猴哥,1,8,好评,不错不错！相比封神演义，对哪吒家庭的改编很大，处理还是不错
行吟的草,0,10,好评,孰恶孰善孰对孰错，是制定规则的说了算？我心即佛我心即魔！结尾很有意思，你可以消灭我的躯体，但永远打不败我的灵魂！是这意思吗？
羞寒柚,2,10,好评,吹爆它！！！
康康康康康忙,1,10,好评,这才是真正的国漫崛起之作，之前的齐天大圣都喝这个没法比
A，贝儿,0,10,好评,太好看了～精彩
樱花乱舞,1,10,好评,很好看，剧情紧凑
SsV860067589,0,10,好评,太震撼，国产动画电影越来越好
机智的刘小鹿,0,10,好评,哪吒的故事是我们90后的青春，无论是小时候看过的哪个版本，都让我们感受到那种母子情深，还有他那如火般的正义感，这个版本的哪吒补全了以往版本很多缺少的东西，比如描写了李靖对儿子那如山般的爱，还有哪吒更强烈的叛逆，更加真实的表现了一个孩子从小被排斥对待的情感反应，故事的最后更有热血漫的桥段展现，“若命运不公，那就和他斗到底”，致敬所有不服命运而奋斗着的人们，可以看的出作者的野心之大，想构筑出一篇新的故事，不同于以往的哪吒，当真国漫之光啊！
杨谨婕了啦,2,10,好评,土拨鼠尖叫！！！也好看了吧！！！放映结束观众全体鼓掌！！！哪吒小爷太值了！！！跟敖丙CP我磕了！！！
陈圈圈,0,10,好评,“申公公，你也在呀？“不好意思我真的笑喷了！
啊哈哈哈哈哈哈哈哈哈哈哈哈哈哈,2,8,好评,非常好看的电影
蓮生叁拾贰,0,10,好评,啥都不说了，期待姜子牙
香菇青菜包,0,9,好评,"国漫新巅峰，无论技术还是情节。

影片在传统神话故事上做了很大的突破，情节和人物焕然一新！

虽然「我命由我不由天」的主题有点俗套，但讲的够燃够有趣够感动！！"
忆佰诗,1,10,好评,"这也太好看了吧！毫无疑问是我从小到大已来看过的最最优秀的动画片，不亚于心目中的“幽灵公主”。真正的有泪有笑毫无疑问！！这部电影绝对是中国动画电影的一座丰碑，他是一次对封神的挑战，是对我们每个人都无比熟悉的故事的一次改编。在故事上，改造一个人尽皆知的故事远比创新更难，而且还要改得好，改的精彩，更是需要绞尽脑汁的思考和夜以继日的奋斗，我想这也是他在我心中比大圣和大鱼更优秀的地方。
PS:我一个铁石心肠的人，观影过程中，落泪5次！！导演，你不是“人”！"
地平线的奇幻漂流,0,10,好评,前一段还真的笑得喘不过来气，到后面眼睛不时地湿润起来，真的是从骨子里的不认命，不信天命，真的就是中国人千百年来的血脉精神，值得一看，不进对孩子有更深的教育作用，真的是适合全部的中国人看
